{
  "app_reg_id": "d78fI_FOSGO0zSWBPPglFW:APA91bGDbR3MN7rit6WsRl5iFbfzUHZE669F7fkhW4aLDgZOGSyA5hm-QpLOKU9XNQ_a1YnpPFGXS-jfdL-4ZWINk9QRH2hnysUMU1F1Yff6R6KywjsxyJk",
  "phone_uuid": "d78fI_FOSGO0zSWBPPglFW",
  "phone_model": "220333QAG",
  "requests[qris_history][keterangan]": "",
  "requests[qris_history][jumlah]": "",
  "request_time": "1755784901090",
  "phone_android_version": "11",
  "app_version_code": "250811",
  "auth_username": "yzcreative",
  "requests[qris_history][page]": "1",
  "auth_token": "2151125:Arg6pwtWhXsnkBOM5Lqx2UlZT4id9ae8",
  "app_version_name": "25.08.11",
  "ui_mode": "light",
  "requests[qris_history][dari_tanggal]": "",
  "requests[0]": "account",
  "requests[qris_history][ke_tanggal]": ""
}