{"version":1,"hash":{"type":"Buffer","data":"qQUwNxmJM43thOlMfHDPbVdI+CqTOnAcONYZrD6+0FsIIlqgzLnOb7N9e401wSb5elHu6GVJPkVgcd1hhJoJ/8cwRmNBE61CnSTpfhgaZItPDN3e35mM6L/9TQ60pTD4zR1hwBRG3KKj8hdle5BIQM46g8vZIXx951GyGzR+DRQ="},"indexValueMap":{"2FcQBF4lqlUklyd+Nj6HI97p1AMzABiIHXTKGx0H2UE=":{"valueMac":{"type":"Buffer","data":"ZexOHgZ0o2dHNz2oWiqkmrDrX6vkdA5UleadvmbLsWE="}},"OjvTyp+9qDEGNA41ECOTIrGaEKYhmGWvxlTAh+HdZ8U=":{"valueMac":{"type":"Buffer","data":"/6T7OtSbCtk/u5JHI46V3nJOKDZNT6oAEFuTDbASv7w="}},"gQddInT/YEWwmGxKlDDzG74p6yfnjE6g5+lkZ7aRC/0=":{"valueMac":{"type":"Buffer","data":"PqfupCSzkMOP9uTeDDmMs3K3MlB94NBL6MTLngz64yg="}},"elnEJ6vL61C6zCnGuJJxA4C0udOz00aQSBGR+6xD1n8=":{"valueMac":{"type":"Buffer","data":"qZlIxtZ2R5jhZRfvvcHQhOblLZhEV/xGljI9DQ5VvKg="}},"fRUfRbBKcNOCqwaMERIze/tcx1guRCqmAD7Eow+m75U=":{"valueMac":{"type":"Buffer","data":"BUdx2E0lOwCiUQ1fBQZeZ4lF1KBdu7eVc5HFqidnShY="}},"frNi8LyvoTmQddPYcOrUUCCws7z9ipeU4mewJBFhHko=":{"valueMac":{"type":"Buffer","data":"cRBq5koA4t/+F34L+7F+j3WxceGx4dG3fLVsRJmv1nA="}},"NauFI8ce4uoDopLU7mOfbIakXgVxMn0utQNERFSBrZc=":{"valueMac":{"type":"Buffer","data":"ApOdkFqEzpLk2Ohiu2Mhlnx69UmQ4En+uldrNBFUmhM="}},"gLsRGDqokzTRgCGLhyHsL68ANyPREGKVu67OXOWvfr0=":{"valueMac":{"type":"Buffer","data":"HjYKmdXaI00RO3n9Pd5IsbLZt9UwPWMb3xT+aFD5nhc="}},"79yM7Bgz7L3PP5JxaUxSMZy3jbTCcs9Egv9dFpt4rB8=":{"valueMac":{"type":"Buffer","data":"R1xa6MZwbk6Oov1WltptvRF0pwcBVpTU6uXQ5pvLETI="}},"wQMKUSG8QAHjI4jK9Zf8fVvOWVx6FsuBnijQM4IX8zQ=":{"valueMac":{"type":"Buffer","data":"DqfViKBFOu4vGE7RvsOrTOTVWtuYfxnV18v4XbPzwp0="}},"bChgKrWVS0DpHUgDWk/GNXDDXTZOz43PtGXdgh0oJGA=":{"valueMac":{"type":"Buffer","data":"0nKwxkWFuJfSZs51fAQLXwoSqd/rkoWD7i9vNt+AYOE="}},"wIoOE5ERlc2DfOmztSf8Pk9dxm6EcjHzq7yvaL2pTIw=":{"valueMac":{"type":"Buffer","data":"MUcOJnchZgy0COWnbl0LB1sECxBvxoRVlkoatD1q3q4="}},"/y6jpgez/is23xUPUADCTqhtEqMJQuVQz/XrddWwQ5M=":{"valueMac":{"type":"Buffer","data":"sKJ3xwJIlnADMb8A6Od6ie90frjRiUF0MRcnrQUsooc="}},"xTHMMDhPiQXioh+d3jA12bHKKuc6f0BDy367VKrLDOY=":{"valueMac":{"type":"Buffer","data":"1jBXOWcjd4ZpmYxHd9UhgXMQa4YvaFA+FL4VuZDxi/s="}},"YNNyxuFUQxxMrn84/GR9GA2Jx1XcdiOKygoTLMyzJBw=":{"valueMac":{"type":"Buffer","data":"BEGFjyysW4TxwYZ67MWXxkQyuLEMPB14Wk7DN2+0j/M="}},"yZ466YBhTVbY7gxQeI3flJbm4ibA21vdL+SLoet33YA=":{"valueMac":{"type":"Buffer","data":"rY7C6QvIsnKG7q+xf5HUz0WXuXh6WBM/J+4d4so/O0w="}},"IoWR7hghQpSaAFTzknggW0HpEXwPktxwoFjg+NAgdfA=":{"valueMac":{"type":"Buffer","data":"bXjXrrORCMlSrteB322/tjc238L0QWi7V91NfBgz4eA="}},"zpAT9WKOL0r8Ru/Mk4up84/zRHepvV8hbvOVaJsVbtY=":{"valueMac":{"type":"Buffer","data":"t1yCJeP4Almp+V5Im4BHvTSCxaTEDlfYmdWOrC3t4b4="}},"0KNS1Vf2sZYl3z0l6a0cjnOh7nnjXgLLaqZrbGUAFRY=":{"valueMac":{"type":"Buffer","data":"M3UoE2h9EPNK9pRBnBp+91kwpOnkuZQ7GghQsjw+x5M="}},"FPYHbI+KesOPpNePg5kjydUuNF/O+xXkesqzzk5adBg=":{"valueMac":{"type":"Buffer","data":"IR/jPxU16JKwY9VBNHYi8DR6lBjq5x8EpwMevdiaUs4="}},"7u/HuWxWpLig4aIbNr12sdtC9WVLoKtVZi5oTRZvntM=":{"valueMac":{"type":"Buffer","data":"PHxRzZI1NbGSlkgWXMeCjQM8Nh75LMVWxT7j0rCBIVs="}},"HdnErAlz3mZui53cpEr0HlorZNAjqcICvmXdxYQTb2M=":{"valueMac":{"type":"Buffer","data":"euIc59EP8Ds7u0jHcKCz67S2ifTz51F1y08g80e2eY0="}},"mfOrvx5inI2yQR9CCQexutfnp43di2OV1QD9x2mCGBs=":{"valueMac":{"type":"Buffer","data":"SZdMMaVjfF2/RXY6g4GObXyvsvm/Bm/Poroot2QxGYc="}},"xQ2QEApAXr4zsOuV69zdU1xoaT0aWCzmT4EtsD0YlwI=":{"valueMac":{"type":"Buffer","data":"qyfDd5XnXx0s0JsWPGXChdhldViKVr6oDA3r5v1ARMc="}},"POj0Kgjjfqx/adcIdKqVHMpC1AtjUzTQuKmFmCp7vE0=":{"valueMac":{"type":"Buffer","data":"qWZu9xC0Dv36rJpyOASZkaB44o6oxxr17+NSlmAm0DE="}},"ecwLElziOpcuiwedvPsGdB/vKHt4TQtGkp9uWumDAC0=":{"valueMac":{"type":"Buffer","data":"BFNoA4GfocG+3Z/REZbYCnckV4Uo9pOAHJpMXAxGqHc="}},"gcs5fTrAfePEw06b+0xujO1dv8N2raxbCYWn31O3VFY=":{"valueMac":{"type":"Buffer","data":"PO2BTRqpm1ouDhU6Y5bu3yXQuuYE/nHd6/nhwrqPq+c="}},"Cbd9lGbD9cEbESXdKyMM2seVGGCV+MXV8EnH+wWaJpE=":{"valueMac":{"type":"Buffer","data":"eTf+YUeudSf/COgEqt8gCCpQjNgjS5vDe4EWj+MsT3c="}},"uPqvLOkOfBsL0zs4KW4E/LB07om28BT5OGLY4IkueJY=":{"valueMac":{"type":"Buffer","data":"jzrvlEflMl6owp3MYz9Sl/N/ZSMlx9YO2hl0Wv6idx0="}},"qMlufFkXF2C02+wlGXYACXwSZ0pMaa5hrnuMLsws6D8=":{"valueMac":{"type":"Buffer","data":"aauveSNxumzn0c8Dgu/OoMi2K4iqXRkU68xL2BQqA3Y="}},"94SxKRZ9L4aTf3a5A47caBUtdjRGBa+hk3QngREylsw=":{"valueMac":{"type":"Buffer","data":"ykSpFInap6ZOAVNVFB9dyp+a1+KYBJJYY25v+9XrOEs="}},"d9qLk9yNh9IVTfQkIclKie3oetC6CTc1OK51lpguTgk=":{"valueMac":{"type":"Buffer","data":"nJvzVko+yfC+f4ObqDJGlO4f/iAj63StXcVf/fesYa4="}},"I34tiD3TREV0WYykkKesLD5Ua/Qp2/domajcW2P9TGU=":{"valueMac":{"type":"Buffer","data":"ejSIlVHG1tX/lLy3Ru+6vVU+Anx3nUIIakH4gDz4JBY="}},"cv7dbnmU3xg8+elnwWVpziFNjTTdH+aKfD7xkoOc/bs=":{"valueMac":{"type":"Buffer","data":"erYCwjr/ktfg8mJjwro6gmRouQFyjSSGkpAipdMg3+o="}},"ymd0UrKthC5Qh/Jkie03NDlQ7rNpKrn0VEF79nkCr6c=":{"valueMac":{"type":"Buffer","data":"RAx0GXiQ3Ui1lRcn3Ezxv/K+tz34vEro5LmlptauODs="}},"k2KaHq5pLSNVolIJ4D/UFlnIjdVSQ5USKSqYmCb+kSA=":{"valueMac":{"type":"Buffer","data":"1iP58X9yddbp6tmuZT3dinfkgagJ7yx5yH1X92VzwZI="}},"7tuqAb05nlQA1M3PXCI2DvuQkQKRT0+D7esnyTZAvlo=":{"valueMac":{"type":"Buffer","data":"WJBAmnblBSJsHDnKiTiTQ5jqC3OASqcJoTnwAHJidm8="}},"SXTb9GM3b3JQfGfjyHWGVIRnHJUxhgArN499oHErWhE=":{"valueMac":{"type":"Buffer","data":"VFe7pL3Gs5c5t9SnsmJeKyjtyI23gUMmtZ2cNSrwGto="}},"zeIKvBoAvpdeAPOMXBkc2ctt5cq68slTp9NVEd4rci0=":{"valueMac":{"type":"Buffer","data":"rBmeJcAW+wM+pOb89zFCNQ8Eni2GIjVJa7PvZQ3HEGo="}},"60Ka1XlM6gxshSuwmnt4CmI1/AUoY65/j4CrTHXl3P0=":{"valueMac":{"type":"Buffer","data":"aXkJKFBuZCpfc5d5NpGPfKpEVdCj6K+gXUjjE0QT30I="}},"RJUSmkgvV7Iq3eKbz3qqOZsjAkZ0LDhoqrR0eruaNVM=":{"valueMac":{"type":"Buffer","data":"xtebaut9LPFYU00Rdn2GKYvSo4jesfF0RBzoB0JJqss="}},"qjCr+G8sF12xW5UFF9icbKa1lVWF9Mx5WipP7hZymFU=":{"valueMac":{"type":"Buffer","data":"TcSiRAtmfrNEYmtNoLNStyXStX3wr02NyAFR/9Zi73U="}},"UXfeOtCuzMNC3E5x1vHDe4YzOJb9ZHXvohmKhqS/PNI=":{"valueMac":{"type":"Buffer","data":"ShztdKQpUeXAm6LrDD3bJXncqNH8U5kE1nWfTzc55r0="}},"XM4Q4SotGKuigByi65OeKiVvHidlK0QDOFwc1BauH4k=":{"valueMac":{"type":"Buffer","data":"AyoFlXdWzmvrRB9ZEQ+tBMmQf5kbvekXtLo5SAoBkYM="}},"P8g9JMHd3TAGv/hpReWslJk2kI0y+8zBWPYC+7qMCL4=":{"valueMac":{"type":"Buffer","data":"vF+9NNLwfnOU3KejoLLXChwoa1vvFmCoZgUD4g65Tlw="}},"OsWm+bS8OEo0oXKkGWUfO71OfmHbInxd0Ut5y8MWuJA=":{"valueMac":{"type":"Buffer","data":"r/haD62Ap5VrjhL8aGV7RFFGazN1bRPwT97P7Qf1T74="}},"hMqDz7SWdjkWySXDAzbIjVc00hP6gr+abvx5rt7Codw=":{"valueMac":{"type":"Buffer","data":"uTBGY73U6VbOEJ+bt9RdSn6MJm9+/4t4NE2sYBEWjBw="}},"zWNSnAm9LztEmDaPej2++tULHg0DSIn+vPn4AAcf2t4=":{"valueMac":{"type":"Buffer","data":"9cSGdOwRYVpevDCep+4Re8tGscfUqzlAMpiVbNRqnng="}},"m0ho00kFXtomWoqbfvXu6cGpfpzeBxvTPnBB9UEz7Uk=":{"valueMac":{"type":"Buffer","data":"fI73HRAqgzS2MbtDsiC/UT+rFbiXwYv44n4PAGRqprc="}},"sP6xRQqnrO7HoQKl1hCy7T63WDYwAJjENPcGyPr5+NE=":{"valueMac":{"type":"Buffer","data":"hR3vP/KYbdwa8E7UcUXI2SLa8qg0tYMhoES8P/38cZY="}},"94O9vjbLQwswLdPIFx/arDDJSHWFxDBNqFbB2rD6oEg=":{"valueMac":{"type":"Buffer","data":"2GJsTatwVi56q3YSZDaX7tBxAdqYLNPZfHsmrnpy96o="}},"8pI12QdDMBaC1pkbSakYDcnhPJJyrRUL04gmIJBSguM=":{"valueMac":{"type":"Buffer","data":"9ZmcH1rXZB7Ky7hCL5FHvc3SKZk0lbkvAt+cyCNr+Zw="}},"2AhFwOo2uENiYmo2P9oeLy/2PzSPenBu4ba2M/o2QAI=":{"valueMac":{"type":"Buffer","data":"93Q4h6gdwSUuD+bxIwp88JEWLAyZLLKE64KDqWV3fhw="}},"MJGMkSnRsbhxz8dyKkPeDJRlD9dkU7E4PwLy39uFNEo=":{"valueMac":{"type":"Buffer","data":"38t07hji2Nk8t8m8VjeLOpwDeMCM4LXVVXdE6JHwpvw="}},"EUTobVgL52h/SO5WHu+Q3tSewMwzSgWtOuiRQPwmz/4=":{"valueMac":{"type":"Buffer","data":"umIjuPqWh65eenajsuEEoej6y0DWDCEgGN1BeG7WfFE="}},"Xj5IlbfCLVhJr5/W44mgPrPFww3Y5vs/hdgqsiAm6yM=":{"valueMac":{"type":"Buffer","data":"mSE6CGBubg0MiEVz85vOcXrbe/G3O+WXu5+43XkvJhE="}},"C1nelBMr4pieHX3pvMjP0UbZmeWC7rjt7DDuRluBpbs=":{"valueMac":{"type":"Buffer","data":"LN0hs6etVStRuJUnR/zkXfBHRzBdnhQXWHP8PNLS62w="}},"UniFwBM2+gpMrqDbMt10o1v7ZF07/AUWMryIRXuy7Bs=":{"valueMac":{"type":"Buffer","data":"UBRCedd12vuxdJvs0KTw5lyv3VAWOEz5Ky2MdHS08s8="}},"MfzLevucckdvHfb3Snb4B8BwdL0Pn0034fBmP7Zz+as=":{"valueMac":{"type":"Buffer","data":"G1fIudRbqbTup0wKulrSySNivSPTU8lIs1uQaYjxSBs="}},"PRRrWRMK54lfQCfzOBeJbVaENeDxU6PNC1cMU/G6iPE=":{"valueMac":{"type":"Buffer","data":"LtaMo/a9P3NUD9YejIzWFG3pFuIKmy/fyZ+WY9ycMh0="}},"llKItjtKSihbhBfm0zqr9PAFbDkHaC7gY368FC+C4VA=":{"valueMac":{"type":"Buffer","data":"GYgT+KiHkM7zapPFCH+4k5gV2Hcyyqx3LiCh5tdc9Vo="}},"wI7I7K3jUO9SxSYrqjZBWebO/nYdbxUhhLjkc3WMJ1M=":{"valueMac":{"type":"Buffer","data":"ZozCCfh0PdaN92SpA7JEbOsy/RbTt4tArfbRC+3eldg="}},"aDyl0cemD6RFfnLwO2TbPDOROtHAorgiNIvKQRIP1y8=":{"valueMac":{"type":"Buffer","data":"Ll1+DQum+6JLogeQ3eIp0WzMMf6Gj/LW9EARmZQVWJU="}},"WGwiza6FYYskH6nHhRtuBLWwmEWOEB6FRFqWWiLM5Kc=":{"valueMac":{"type":"Buffer","data":"xTm0pCn260MK2PuFLauTNCC0JPTp/WelmZ/OwtvPhpU="}},"y3ksb+jNEDuM/Oy2FT3mHSK2NTAI1YTYz3fSSkIpZP4=":{"valueMac":{"type":"Buffer","data":"oR3NvRdPpXcEM5DGrhK3q4L/djcJpn63+1uuc1jb1IQ="}},"ZfgNy/ZlqsDfHVb/rZR15o0tA0TBTjpHL+zva1HTdkY=":{"valueMac":{"type":"Buffer","data":"zplugKRqKIFXdo1i3b9n//UHL4iaPmrHp54GBdl6gWA="}},"1Rdv0HE5NXa9XPNFJhF+/aj8b6Dk2zGZhX90aehr5iA=":{"valueMac":{"type":"Buffer","data":"MI5BlCfzUm/7A5fRZ9K7R/fB9jqQSL03kF1zfWSO2Vw="}},"E+Q07URH/7qXACe4LGSWZUTS6Jn1Wjx5HfUxLIisVco=":{"valueMac":{"type":"Buffer","data":"aqOpKjlG8yZxx9FfaZu/0H0WwhQCkeZf2JOmMWJGKnM="}},"NgH7DabxjjTjo0CZQUkkT/HTbkgh7hGLFu0aQtMMMdo=":{"valueMac":{"type":"Buffer","data":"G/CFoZ7r61ptO0Q3Y87kTxFbCoCgnWRR73nw8yvppSE="}},"HJ+P3pA7r7dhBx2nCvlpbRnhMEBFPBIoQk5ov5iehXc=":{"valueMac":{"type":"Buffer","data":"m9sZAsfLDWqMvrwGWF18AHaz8Cyo8PE18eDKOZmghn4="}},"X/A7jwtHa7pTUDiPiJL9K18gSnlkNfoerClNv08Yolo=":{"valueMac":{"type":"Buffer","data":"nG2NETOIlAU/ocm3OxAJGWzMONuF6BKpcIsnsKBytf0="}},"yaqsW3B3z+zM/8E5o1go+Ado0tzoOOReis3JwboZOjU=":{"valueMac":{"type":"Buffer","data":"T4mHxIae4Jz3EIzPTN7waU73S9GT7tX8GcWd2XKxMZg="}},"jZ9KukqygFngK9+p1WVcjpFt8rsKPJB7U6RGWrubcEY=":{"valueMac":{"type":"Buffer","data":"FJH5hggqjXbkfjBkQU0UyINB5jAzrfBIYc2w8yvB49w="}},"DpkMp0FbxiGMF3SPsJINgs60O+ikcf/d0wMgvUoqYpE=":{"valueMac":{"type":"Buffer","data":"3aAu0cY8Y1oEmHAnDWlzmz0KyBSX5HbG15S8MeyR3Uo="}},"9NodYZLlrN7/c7uA5MEJq98hZ6fQVSdtIP+2OPaT7tE=":{"valueMac":{"type":"Buffer","data":"d6+pprtSsyrp981PO1dK4Ay/EibWqwZWg55v20hgi/c="}},"ZPHdz+M9KicCyPfd6LPAk9ac9YQoKm5oG12XBWhW7qI=":{"valueMac":{"type":"Buffer","data":"7iskd0T1R5gMFkCDHLxkU1mh/1jmisyk4XgzruZ2hSA="}},"WWlblUOn6y/riH5yEt1+8YmB91DaFuSS45d2FOOmMjQ=":{"valueMac":{"type":"Buffer","data":"Iq8gZRCoOPB3NDYT5FoDqxJ0TocwBEcLKUkGSyYj1rs="}},"usdL/KgssYG9OFsv3RBj87+sj2pvAOQozf2EBpvjOCw=":{"valueMac":{"type":"Buffer","data":"zvPS27D9k9eY7YS1CzkninpI2YN12M1Rk+e0W0xi/mc="}},"I06kiOKwEpESj78EriF9tL+EUiSZGpY8HVqppHheEao=":{"valueMac":{"type":"Buffer","data":"hjYyqKSLIMRw98BzWd9C1cM3QKHRvDUzmq4s5+teiPc="}},"evr8BhqS3YqKg3Ojx/3oj95i3d04qhG8+dYQf/uXJ2E=":{"valueMac":{"type":"Buffer","data":"Ayjg1x+hpQhUbTASBQ5qiuC3c4baLplmE84sv6Oyxvo="}},"56BkLzCUURuvZPfYQX0D2CbFKcMFfpiZuLUUUr3Ehjo=":{"valueMac":{"type":"Buffer","data":"GbogvHiI5gGTWSPjLTpR9sHYDA1XQfsxx5DU2ogoseU="}},"fPJs/TFenFrHLkTd+JABKn1CZN615tN/PG1h8Ny3vBw=":{"valueMac":{"type":"Buffer","data":"vgSJYhOLHyp8wfhYfArcHhU669UTT3xypVn3Kybcm3Q="}},"NTrmffINoQSbtuNj0buXq4KqY5X6M8Lb92pwfX2cK8s=":{"valueMac":{"type":"Buffer","data":"igwNTo2zvV8dy7SjfN5joqR7t/lEytckjDTVY2TdorE="}},"0q7/shSWR8+IzTGDQtAX5arQ3OM5jVzKvmFr52Rfzgg=":{"valueMac":{"type":"Buffer","data":"/d7/EO+Rdh06SlWRoCIOeIFmERjqj5Yujndi7CBVSK4="}},"CEulsr6Blqx+afnadeZ24ZAHKdoprEedXeUiIknYEA8=":{"valueMac":{"type":"Buffer","data":"JvGQNM/HTUFuAK71A3xbaE47zaWdQ9/AKNk4RoiF4X4="}},"zbJrvDAgJPDVgqRD96E3OkK6ifBPTOboi1Gg6k+Hd3U=":{"valueMac":{"type":"Buffer","data":"RwB0IzUeqv/45y19I3Om+ncMWnEZonUrNnryzu9Uhe8="}},"WCu0W8sT6tJ/9AJVVM+In7SYXflJfcp8Qe+nqFWSuDM=":{"valueMac":{"type":"Buffer","data":"kh3LVhtBsHyPAophg6rIRS+YO9zn5StEP5uZ1tPJptA="}},"qErFkWA3Ui3my7o4aqPZTByylFfRMNECrEdZ8yj9uYs=":{"valueMac":{"type":"Buffer","data":"P4eYZ9w/BxDaLI0V2nw0oDTYP0C6LmXNNPUgGokIHwA="}},"NVQiTP5dcAsQjkJTed09IMQZ4X8wy6H2OI3FtA+R8+s=":{"valueMac":{"type":"Buffer","data":"5NvjymFucPg4ZKm0klxZcToSGt+Q89z6Ii3KkKPwSB8="}},"zhy9HxAThPfsV7R0UaZhKn7cSo84jaWBeohhN/YmEMY=":{"valueMac":{"type":"Buffer","data":"+QWFB+h7691VSJaL9JcgU/h/SScmNnjEeTlzUjgulO4="}},"cJ+6649eF71OwdX/5bAtBvTv2EPZpd+1P2Y7MmTK/xQ=":{"valueMac":{"type":"Buffer","data":"9u2EqPqEMs7HliWRmy7lSn4vf7g47HGgJmFtK9KGwJE="}},"hLYCYjuIz4wXCiFzD6NqWHLUbq2UTaTo3FxXXRQk6EE=":{"valueMac":{"type":"Buffer","data":"0IIDP8Gg42ya5Iw/bW3qTvCxPQr7CiS7rg3SFg3BO50="}},"7S5k3/7IHIR6l4G8Lg2bL21eQHBf2Ne5tsPd9fUJF5o=":{"valueMac":{"type":"Buffer","data":"C/fdqZevzYsejtZqum6K3mRHdRbzXwBHuQG9cTKP37M="}},"k9UuQsizeRclHTQuhN/2EaiPhPhZaidNN++txtGjrBM=":{"valueMac":{"type":"Buffer","data":"1UqRIxg4gC92Us22QZpVQNrTvyqLZdICz3b3158RUAw="}},"pGgxauCinsvskGO7rdzTPfSjUpabN1WZJfz0KuxtSXw=":{"valueMac":{"type":"Buffer","data":"pXypbWcDL+5hOys7qr5my+w76rJIS4wnnNhxiX0KvlE="}},"SuLpdtZUHtih+BZo4R+minOJd2qWK/ll9aMbbv/SzJU=":{"valueMac":{"type":"Buffer","data":"kHd6xJXbr5aweKKoBNYKLNCoHTjVLnbR7QKIclElOmU="}},"+FnWlOSD7Mgj37Zt4fnTpQQK4zGGtm9O9lLsstfpJTs=":{"valueMac":{"type":"Buffer","data":"59FHc8hBdjj9JE48DeukorTs9bYa3Cc0t9k9KWNbi4U="}},"nN9isIQUsKQJFM2xKqvNIWZBR9rUuzMHU/K9vF7vsp8=":{"valueMac":{"type":"Buffer","data":"0RutZ0JmzEnj4ic0/kwRasdffmjuceeY9huFX1iVomY="}},"RP9UoSET/hbuvW8lEvUMuNzwOAriLtu4y0+SZuP9a8Q=":{"valueMac":{"type":"Buffer","data":"/12X8s866nzt6dPA8ASfUss0SNirEoX7dPaQbc0l0VM="}},"5zFMNwIf9ZIt5dGthOivTudj/VfN6EGXHuL059RTwY8=":{"valueMac":{"type":"Buffer","data":"GswKzL6n37JJB1Q4GtPzYVNH+LwJxazjI7nTGyDENm8="}},"196rN9oZ/fZjMAqkebMfnQlZqeIeatE6qpBvctVooL8=":{"valueMac":{"type":"Buffer","data":"D49l7NsE0Rq7OQRQPPswP/sk5hsRlucl3YA5MKy2mbs="}},"3hvZInmSS4r470qN51x71phtbVoi0qFonGYg/fuSxbA=":{"valueMac":{"type":"Buffer","data":"t2zJpImJJCsaX4AjDdfnj7dogdl3zeHGl09SYZQRmuY="}},"3tYu4AD6URGxkDCsqR7NClRW98lfY5YRqbJRqN5+UOY=":{"valueMac":{"type":"Buffer","data":"B7rKqHzoz8HiM2M++4ooYbCTS7BVbK4xUAVXKBa54WY="}},"pAO7A5H93dRm1tyBj3empDXuQSOzHKu9eH1eTmbAq5c=":{"valueMac":{"type":"Buffer","data":"B6CPIuY1DBx4kYSz9UiWLXhmeeOmCMKye5vhOeTnM8I="}},"NE+8aDaduqqCraVQGQPvn7NifYfMHiYyRLLDqbCEICA=":{"valueMac":{"type":"Buffer","data":"Hy0kWcNTzUovAZTiBN36qhmxH6hik0tWG/4LkWwUEEM="}},"vSbrb1O6Rfes1p7uAwnUq2Cc804pQuHav++S8y2PZsA=":{"valueMac":{"type":"Buffer","data":"wdXGHhjNWWQt3k1V7J8zA6FB/5F8UAmnJFLKdc/x8dc="}},"GdVyXA88BenN8YbKyvEkQoNZJRMtr3apBlHdm0sjGeE=":{"valueMac":{"type":"Buffer","data":"eHIa16dqTUlHe7CzhO9LJpJC4yaF2a5oXbF49yX6SEQ="}},"MQ3pHYBXe+HWYOJ8/AyWoSU31uD6znsHDVEhKM+/PPE=":{"valueMac":{"type":"Buffer","data":"8i23wXc17GHodO9P3HwWrgKonRutnIzdrx71MHCIPtQ="}},"sZ8gkaUpkZjX5duyWIh9aqjJNemZofJ1s7i3S+6Bwa0=":{"valueMac":{"type":"Buffer","data":"ZZbYEUGYlhoOJrFYS6mKn7iqatWkXts2e2rDRdAt5Kg="}},"s8pi91QC4rlLZKxs0TXJsqGU6eCa9ofiZTqmbnmNPFU=":{"valueMac":{"type":"Buffer","data":"9RnRzdjtp7T62c+sSXbEfR3XFBTzxTIq7IGInIFn/9A="}},"/CQQObAXCTobthbtTLWMod+dKbpIqwN392lCLZpj3/4=":{"valueMac":{"type":"Buffer","data":"Nb7L+XF52Jc/KIIPd94X01gkhMb8p1VzocF/0vXaRLQ="}},"zcJ6Eg1Te+lpyOk0n94RkM8w0lTSND3OMXjhFAvQU04=":{"valueMac":{"type":"Buffer","data":"U60yf7F3G74CPDsjxRiBiTyeLTyRz58LohW9bG8Jojw="}},"pp8RQtkfViz8hT6KOuzWo6aRcyCDTIDU9dsASxPaprw=":{"valueMac":{"type":"Buffer","data":"gflnyQd6gINZQxRKEr7y7o25176mZjGUF1W3o54hvoc="}},"zqDRJmoFs9HLmTB6oOYl99JO9Ca0FPviZQHIXhE6yr0=":{"valueMac":{"type":"Buffer","data":"hsdiPMI9xckYI0AySvy7zcWc6jAqLtTpCEPMPcitfsI="}},"yKWBGDERWTvcu8wWLY7WXcfAEvJexMqZy799ul0JuNE=":{"valueMac":{"type":"Buffer","data":"zwx2/u4lTcS+EkYUfEQYKnKhmEGShtY/HF8Q5xsSk6U="}},"Pf27Tfy+DRmMEDNFF3OiTqrm1lLvWxt3kcL2aDS9awA=":{"valueMac":{"type":"Buffer","data":"pNHUZ6msZ4iliZr8k06fZJ2voo7VBlDb4/u0Dy8KhjU="}},"Z9K0MR22+uh9L/yphmuF5/F2WfPjgnIBssm+0fhX1LE=":{"valueMac":{"type":"Buffer","data":"uOyarvSw7hES4haS5xJcRqDcfmLPkpzg2juA/kksexw="}},"ZLhJHRU6CJDsALz7Lf9C+u8/7KLp0fzLgyammcFxL54=":{"valueMac":{"type":"Buffer","data":"1f9TKi/lzKkuQ7nFzCIwx9pwC5OniNso1rJ6UUIdNIs="}},"wGnaL1aJCYB3FCatj+XjWnHFHcUHrpYiMzT5LiM9ess=":{"valueMac":{"type":"Buffer","data":"37sAjaB5wqwNxI0paI3lDgFZP41i6bVc5QaFUK23FD0="}},"zMN9UcehEVHQjrB+CyeVQUb3aBwKN1OcrgRTq6TnwaY=":{"valueMac":{"type":"Buffer","data":"SVuxJP7hjIUk7Sqk5GSGGx/CFuzy8wGRnsg/1rW6u+4="}},"F1c9hRqsC6mm7HC8BBtmf+eYTAYFRg3C4nGle8idP3Q=":{"valueMac":{"type":"Buffer","data":"iZAY3oEfTStwegkeEGei1c90edai+rxi6HEjMW3yY7g="}},"RkU1Ne97MPEkre8ma7M2T3oX6GXWpSy5XSZPCIVe57g=":{"valueMac":{"type":"Buffer","data":"6ROrhOIeP5Yj0hq2Q83OxIaqcLjP10yXr+SAXSSdlfw="}},"DviKS7uryQRsn2Hr4AWRcjQsnje4XAgeQIedq1KsDj0=":{"valueMac":{"type":"Buffer","data":"o93C1quC5CjW1NWmZXN3oKlA5IQb7Ni7zb/wK9KEVaE="}},"uyIrxeA3BupVzrm4V10cZhKS7dgxEDr2Jr6IXnPwY0k=":{"valueMac":{"type":"Buffer","data":"ifcBMOoSLFoHy5BNxEnaga71gcCfe4nv4gpD+3dpAoQ="}},"BdDXlS9n3Zg2Ni7tKe7/dhLd/rpXisFAPp89a5U/pO0=":{"valueMac":{"type":"Buffer","data":"ZMltdD5hGQU0QVbGZsdkuBpoORM14105OweAFTMRkzc="}},"SeWu3oSAhWWnGqY7DlQHMjqWuiRpPEF6ILEI50Uywxc=":{"valueMac":{"type":"Buffer","data":"HT3xLeGcdUZCiukQortsYqh21505TkCpj+KSPmRUnc4="}},"iw6fgTohjSPwKDgX24RJQCRT/Fv66NRzCidO7fHKH04=":{"valueMac":{"type":"Buffer","data":"neoUoNUG5e0Jbm2BUSsLr1MLtmH21CuB/fakaHhyG1c="}},"5/ofyB7vbkoVmPXKrWxEBZAcz5g2wXUNvPS3L2bNotA=":{"valueMac":{"type":"Buffer","data":"znoETU6vroTaokGXUzTEjzhDYFJXq2nqjKvUmuBGtjM="}},"0GVkBc3X9BqRq7Y1gV67F4ftpuaQCCUQOhmcExxScV0=":{"valueMac":{"type":"Buffer","data":"UWXheGURe41QJh/BeDmKx9y/7fcWtRcTmDQipyfUTrA="}},"z4bZxKpLNd8IrChLu11IbiFi6OKW0+zvngcACAAGHn0=":{"valueMac":{"type":"Buffer","data":"goQuw0I/zhq26LFOEsgqfX8KneZHLXn8iMDsncZhbpw="}},"dD14ChATEGEBJbNYQv7VjphbdWTmCYxDKOue18nk1uY=":{"valueMac":{"type":"Buffer","data":"C738vQ5Za/zzRV+0Fo7pgqhekdHt3qmNYeyE0CjotPY="}},"qEfjDi0j/qmqf8AazFEG+TJgSg1tRXL8TC9g/nxc4fY=":{"valueMac":{"type":"Buffer","data":"IDqbigPT9uKiR+3sETKIsrOLWY12wkx+0tynxhiw0ws="}},"/hFrfvW0Eb/0nmAphwwk32M9C1HJ8FUdF5shQ6W8XsE=":{"valueMac":{"type":"Buffer","data":"hBepqTJh4wFgsUbPdoOpfrHaG9L8TZ/PwcxkzF1JNDA="}},"MDTs0YqGW/gdh0ZMieFr2afHH6ojOQXni58ANRAbnoE=":{"valueMac":{"type":"Buffer","data":"JfBXZ5LTsONEcMpsqjtJrHNuSiHwbMlftdw7qTxBKWg="}},"9HqNFBoYMlSIVkeguc4CZ4+zmcn9MhXz4zvEeHc1BVc=":{"valueMac":{"type":"Buffer","data":"LRrLMRJpgvH5n/afL39PjesEB4lcnYdPxTMx+EIq92c="}},"JbgXKQDiYSaJN61pzu3YoYUJzMskb+7KMzHHt2XCV9w=":{"valueMac":{"type":"Buffer","data":"tUgUZWOyq0KPyEpmiCBMki+LAMKk5hUMrmch1szH2wQ="}},"8WsmZSCYKZT2OvJ84QJcJ17yJr8JfefJu8vvCbZXpT4=":{"valueMac":{"type":"Buffer","data":"QzvMzcCUJkjUfrNvKHaqWu35MEMAWbyp9sNnRpPp3jI="}},"dF6S6+HCTnNJcOaD2Rih1A1g4JFXnuI/19IF/7ueMRU=":{"valueMac":{"type":"Buffer","data":"n6PIFdJf33VH4c+19HyGKI5wub8Kf4O2AsCA71oaLFI="}},"goHfELEuQFHrl7lB+RtehVqPbWI7NoBeY+/LRWhN/Ps=":{"valueMac":{"type":"Buffer","data":"typOxzWH34f5UqcJeNo7FGztdx0cpopEzT8KS4VY9L4="}},"Lmp1bEJF5nzbWsXAM6Pvun/3qnmjgYWMaZVK8d3cnYM=":{"valueMac":{"type":"Buffer","data":"rMzAoV/N9/ovk/YWw0GEO4f4nPnQssY/oDszGC2Hc8o="}},"0qeKjmSn+TbnhHKbIgCVC7OT/UaWkOmtxkybug67wFk=":{"valueMac":{"type":"Buffer","data":"s1dI+RZwXYQthI+FyWjkkQ8HCBlzVrQIBcth48U5vYg="}},"sgHqJmWCUT1esUxRQiYxDwu4qZHKUkfo/v5tKg+9OpU=":{"valueMac":{"type":"Buffer","data":"Z/brlJg1v5GoHdzNeJHixOLe9GX11aHRS2jQrUi04SQ="}},"Q0/SaM+LrWzh6dTnOa0f9pNBJWWr0C7yrK02J7edgPY=":{"valueMac":{"type":"Buffer","data":"o/89beSDFB83n2A24dCciLzG5emCG71ivQxNi1grz/I="}},"oi6thKwBoKXQKx86BfxuXTRHiN39RdIH9U85Z+MrEg0=":{"valueMac":{"type":"Buffer","data":"tewlukw5sEZ7qSZEY8EDzcGUfeVmtVbFlMl7rdqCQWw="}},"GPdbbehll4azjUyZFdZ3NhkgXIRYyYvVYAGEUk/WUK0=":{"valueMac":{"type":"Buffer","data":"NDqSGObWQ6nw8VHWweCox8vCnYDd75y/tqcQLn/ie9A="}},"1tt3kox9InTXzlhmt5U0qOPQSpjRg8uxyAPrg97ULec=":{"valueMac":{"type":"Buffer","data":"6uSNAToo5zYl1ksfRP7YA9xv3t4V2u9qWdSxaPxuTw4="}},"WJ2qo3tT2MmdrlS/lhDsC2qCMzw2lA7NZPwAVypUf3I=":{"valueMac":{"type":"Buffer","data":"qVI4IFHv9ErasHpFWULnvWqDx8VtLGktXXWQPXlsQvE="}},"/q4iN7yFXuwdc292sdubrPJAY/iZRl/Exgwc/gqGAbE=":{"valueMac":{"type":"Buffer","data":"RvQJFAyXlmE4SsaTXNVD5PCDVthPevXSTUUnc93/tcs="}},"uBfe8VeeWYM1yzr//RCJzxTNSQdmrRuPqqOVgSn5NdI=":{"valueMac":{"type":"Buffer","data":"wMZvso+DQ1qB+aiqhZooYPYLeXaU6B8zUBC/sRqYbjc="}},"hE6R4+H0ZT49nqEZtLJ6MKNw1ctQ5IoDZ9afK08Mtho=":{"valueMac":{"type":"Buffer","data":"WNbFs1C3yM2Evl+Lhxevtik1hqFlAPfnYsAPl1Ok9Nc="}},"jkn5wKPFRkMw4eJgAc5iFIT7WwrY5pL+uvG6pjZ1RaI=":{"valueMac":{"type":"Buffer","data":"wjb1pZ4poC703VMl5kbXe2fR371F7+tlBVpPVj58EMM="}},"+UpzUCnQPeTMJ2VVC31qDKlgHg0HZRJjjMjL/rrjC9s=":{"valueMac":{"type":"Buffer","data":"ztnq+yNN70ryLn77TMyVaVJl+4THJSZC8VvNNAl23VU="}},"fDxx05dn7yhneW+NnB6vmoeZF+ZhbS1W6ZG1gSKUaaE=":{"valueMac":{"type":"Buffer","data":"ZqQRTlYFVfJsZP5u+O+Cj4vCQmVhy1I9mIdzXI258gw="}},"ucOWnjZsq3S7/MUYYuTkG/en2BGX67Wl2M7YCwBQhak=":{"valueMac":{"type":"Buffer","data":"/tDQuOT9nHMred7U62n6nA8Oe6t1PAiYusNpo6Fyh18="}},"JLrMAQ3oEnlv08WljWEYnhR6xKb7ENRupBaUNSu1N0E=":{"valueMac":{"type":"Buffer","data":"VZLhUS6pnzJk7xWJ3GL4L3E7aTK39NsPKpv5z2OGLJc="}},"jRMnNJyJ1bO7o+jAm1WQCwlUoBir5VaECyvHvKVhJZg=":{"valueMac":{"type":"Buffer","data":"DINhVS7O7g/5rSui2ofhqV1zf5tUY7jaH+6OTGXxt/w="}},"wewz2VOp3pKwKj4f/fGNy5MPwf/XRwq67Gmt2CmD9WQ=":{"valueMac":{"type":"Buffer","data":"giyx3bI5yvx6CMOEEvzzLfv8qhN0b27tHa6R7BIRWd4="}},"dUgWeNE0kKIRSE6toYReaZPQzqDTKL/x4x/1Bpe8Bvs=":{"valueMac":{"type":"Buffer","data":"aG8Dl+RuBYBg6B1nZGcn/uLDHeZcZB8qzF4i9wJ40Mg="}},"e6NKuzjsDUSv5xNJazz3LRo4v8MjxOGNVC8g5bNFdoQ=":{"valueMac":{"type":"Buffer","data":"YiR8Fmg7GuvmMvJ5YpBLkbtvAlGJBtH3AfZOMJWTbEQ="}},"sUjP2xgMZsyYeu9wRkUpSpjwL3djVvZ3RdQh3+FICWg=":{"valueMac":{"type":"Buffer","data":"Y+EFBK5fBG6wd3DKIIN1kuZ2Lq9LmtKYbip8jwd/W+o="}},"UjJzZzyf2qVQVC+f7Ny0yuUxHgCMUsfEzLuT78zwvn8=":{"valueMac":{"type":"Buffer","data":"TG0eg3oLTTuqPCSUY1osqhLN3fvvLT9s/P3lag9mCvU="}},"tVojJsGcLStDGFz49GqLmesKutYWQuapH/HKwyNME4Y=":{"valueMac":{"type":"Buffer","data":"dQkw/SUpeA3pOTH2GhdJu2kp11rBmFHmIbwPHLVFyd0="}},"Tww0Ul/ByRYLautOZJfMMQWvxeQPIc7T7jBAJG+YSB8=":{"valueMac":{"type":"Buffer","data":"zYPQrlQHdKLjntJd8BgbIosKX6wtB6vZ/mt+y720g4c="}},"iUpkrdsO/2QZ4urlspba3XDpxEm+NXiVi86nfHhcba0=":{"valueMac":{"type":"Buffer","data":"ZQPwArzA7tW01a2samR2WmNTBMtXcvvbtrMNd+bxyq4="}},"ZknrLKm81zJ1N4Vj34dfWZBtGwEkyjbHducr1e5evfM=":{"valueMac":{"type":"Buffer","data":"/BOOFgaehdKYD99/9LYzRdxN5VKbaPSVPygjw7F0YrY="}},"LBaOJ3h9sLBuNypIjZXMwRgaFIW6Dn4NvoalCCiObIU=":{"valueMac":{"type":"Buffer","data":"zyLHg96ZKmBlSVxdhNw6Hun6mYK6F9O6etxs4wT7YyU="}},"Qp+ujjWW9RYN+yf9IvcBAaQYcICfTsD0lPSQHDf2twQ=":{"valueMac":{"type":"Buffer","data":"f3nQhFw6QVn4/YGhdbmXa3TxhayuKbxDhtCASsK0BOo="}},"PwkdWY/BNMtxmvw+2rcOH5AuY4Mr6QAwKY4nvVgSI9I=":{"valueMac":{"type":"Buffer","data":"g9dfizeJ6vl9IvZ6IfqCoK+jhQeajV8Flkjp/E7yAuQ="}},"PvR2Pt9Li6Spmx1eXdTfzJ84kkkr/ahSMC3f1RF4OSA=":{"valueMac":{"type":"Buffer","data":"tVcHY7n9Uensg1EYKIwnE5wou4Dehm5Y0UAZeaiDuT8="}},"Zhx0AtiDe0NAn8vUKLfJiGOvdpoV+mXXnpPkF6ZUXWg=":{"valueMac":{"type":"Buffer","data":"mD/M9v+Ud+MCCDKGXor+Fr48+Bhf0c3eSLDfwcngBAE="}},"vA80VDFAV9A2baMktCged2Ik1I3y3k+tyhjgjAHaCDo=":{"valueMac":{"type":"Buffer","data":"PSgNEZbpQUFaR5ivtvwqdFiO7msqCZHZhDgxQpDgyNY="}},"Bc+oknDDdJ3ALeS91/505LAAiH60Sju68MHWBP8s2Q4=":{"valueMac":{"type":"Buffer","data":"eYYRP/TLSaDSMjTDcFy8xl2BSOTYMVZR3X3E7hBcpOo="}},"wpnmcCTEuYZzDLSVOLfrOKufCmdY3EYx5Qgs9rtt4dI=":{"valueMac":{"type":"Buffer","data":"/sCcnfNsBYN6fyzTTxtcMjz8SkYmEUPi/JaeK5ktU+Q="}},"RMn1Emy641TEW3fvAKvaYe8uZDzab6DeyCR18cFhst8=":{"valueMac":{"type":"Buffer","data":"ZPNr3xlqr9NDPjasZWgBI0oZMwE61BKnqFkUvUBvjBI="}},"q7IpuR69cmwuJ2RNGEOs5SP3DmF6qURJ7PJGwND2lYY=":{"valueMac":{"type":"Buffer","data":"6OoHHAxzMvjvxn9cq+nn1p4Mh55yxB0tjo876g7FykQ="}},"Z31x7vvi3j5NIaD/itbBJo0IXchwrdAWpnBpsZGbzNs=":{"valueMac":{"type":"Buffer","data":"fDsRlFqJfPcmCe8ERfhSDQzH5FHZHg1BtXCDhRzDEZE="}},"JPB0Mp093B3tZZicLLN4XbYpKA7K7sRm6GbK+szJsUA=":{"valueMac":{"type":"Buffer","data":"BctZo3V8FHp1h5oTlNqT1EwZCbM6z692N1sgVNl/BvA="}},"KPEF26tCGZNTeO8Be6mmM6T5Ev2WJUuhF+auoYDCgDk=":{"valueMac":{"type":"Buffer","data":"k6vbNxSwIifqjedZaskXeHpc64/MUECbxRcabvQLFG8="}},"/qQEq9CtEQo2mVTBtN5EgEmU3hK1IpJ5r6raGUjuAeE=":{"valueMac":{"type":"Buffer","data":"O2D1tGRUkYUIi0C36Umm+pCLU3JdopSNOXLPLsWfRuw="}},"H/qTsSe3/xxoQQWStMUtkcXMwRzXA3Y1T96qZFdUvuY=":{"valueMac":{"type":"Buffer","data":"7ceg+iQJduZUM0sPECs2fIeBktiiYkOltDSZtMxkpsU="}},"L4viOL2ViIbNpKt/GrwH+CNxuUlPa7UNW6jjfFEqb/Y=":{"valueMac":{"type":"Buffer","data":"HgUUhsL87URVooNwz/GH0JeTN+htigG1YJsRMJyyCaI="}},"w3Zez/4hLOPLOTNmD104v1kd9aU/kJRZ7yjbGAbOKOE=":{"valueMac":{"type":"Buffer","data":"XVVsbM5MXZCf5vbfHhZnM/F6OoxsrBfbfZWZR1EUfJs="}},"wXN1snONIrB3c2f/pr5UtsICK3ibfUR+/xhOyWC524I=":{"valueMac":{"type":"Buffer","data":"+He1mW5muuC1qB1UqQKjuNvaAACXWNE3hD4hv6jTJkg="}},"IQu18Bj/j9x6sig3b9C2uZh03101z+NFYXVCOkuy6xc=":{"valueMac":{"type":"Buffer","data":"GIibrwubyaQmyC53TBYg9GJK5GXY4gp2oUdMAbLLYlg="}},"IDdZFtTzUiSv1ly4APdWc2dwXKjcO2guue7+Qj7YsrY=":{"valueMac":{"type":"Buffer","data":"SiHkEtk63BXrh/a5w++iSMFHVfKFSZHYrmrVXbSkxWI="}},"JadUxHEo8ICLHRHSioMeoN2H2wm1/Oc4VcQmEQ61wTc=":{"valueMac":{"type":"Buffer","data":"pKrw9u+xzz76YkXPh+hZy33DMxqyT06SImvEeMfjpXI="}},"3xU11X3RYq8+ui9CSW7R8Pz6YACfdMXAhuvw0EOZlOo=":{"valueMac":{"type":"Buffer","data":"7P8BijhJsgz3I/D6LZDFWZF7PVY0NfKzoySIkqw/V2o="}},"nNWCpKN5PrlhknZesxpXNjx00jvFU73sc7Y9ZzcMxgA=":{"valueMac":{"type":"Buffer","data":"z0Qbe8gizo2B0rFutFSVIGhHAyfa1fuu2sRM6nYWv2g="}},"5yaKJR7igUbNcaGJqTy1gbEOIk8BKF/Dn119c7/3nn4=":{"valueMac":{"type":"Buffer","data":"H/R05kmyH6aJtLHvO3rDO+53SP8zQKVh/w1u7fXNgB8="}},"HlG7h17GTxsy6O/z+nmtr2R79j+o67FMAlOppu6qkMo=":{"valueMac":{"type":"Buffer","data":"E15eb6T+qKfdme1mO5bWOdaaJdNy0NIwFhhA+HsIjPU="}},"nBPY84aagQKsAdwad1vbgCOBlgnjxXoaWkIXoRtZGhs=":{"valueMac":{"type":"Buffer","data":"qDCVSJ7kDxdz5njkNgOsc53wFKVZM0EdoXmFd1DG3qY="}},"6YAvj2B5itTS8rfoN16EQiOzlafli3cq2R7LEhsnm0o=":{"valueMac":{"type":"Buffer","data":"CXjQfq73gT+xxZgjYJkDjbI5eGiFVEP8EWXGODmryvY="}},"D1oTY/V8OdDmViI38Jxb2DuOsba5X8epqhz6u13OMgQ=":{"valueMac":{"type":"Buffer","data":"TXQaMg8A+Wt6TabAfybsEEfppF9JdSVogb2AM8tfFzw="}},"Wnp4t0ECxiKUOVKB9VSQIJDrv/ZgQAeoeKKz2Hpt1/w=":{"valueMac":{"type":"Buffer","data":"GSum39R3Zs1SOLEXjp+Vpc47c3YjE8eWTXt4GQDHKXc="}},"C70RpB4U5bdIXg3zzKB1pW6xoaUjZfSleWW5FyjHdxE=":{"valueMac":{"type":"Buffer","data":"m7VifiOt6ihvs7ycAa9qyzIn+DC5Nm+gOkrkhsKgCq4="}},"hmQTWJNodwpssvZ1zzVsLBpeYyNiu3Zp5HRfcs+1fbM=":{"valueMac":{"type":"Buffer","data":"uEGoMxejiQwHBtxXGplFsyuYN8ECv9JteVAf5rF41zQ="}},"uuz7l503y7P9cQK4BYBjisxVQqG13MkUTkbBU+O6Vzg=":{"valueMac":{"type":"Buffer","data":"SlG/cm3sHW9wFPQu547Uuy5h2R2k5cm0coHEg0GQ1F0="}},"yfGESq/GQEZkyo70UeUT9/794kQILNGpQdqFqyAPsmE=":{"valueMac":{"type":"Buffer","data":"4Xg9xgapt4o2J3NUCefZaaQWuDv8J/F6aGGqpb+s/ag="}},"Q/PURIb3YZ6VnsddbzUUkvkpJ/CqFZVxZW4i1oCqy3o=":{"valueMac":{"type":"Buffer","data":"b0bMzXjrOWGegxD53PE2HfTwIOzIwZrd7fLPcbXIsEw="}},"QZ94f+gjwSqHgqAf7wd1b4dzMtj4TWIjJ52dbEvto7U=":{"valueMac":{"type":"Buffer","data":"t2BaOVG3Z0clpc978nvywz3WH9RJQtkKkAU+g0GS9LI="}},"3qxekt81oH6mZajibdfAJL/Bj+m80qRQJmKrD+ujzgE=":{"valueMac":{"type":"Buffer","data":"fNryfmpYk7MNpKxI3T5b4Zab13IeCO8pwL8j2ma6sJ8="}},"9V3nfpxCBtjrxicjkmnCZCn8vYFEkGwuqlsj9TgOhRE=":{"valueMac":{"type":"Buffer","data":"Pmt+76X5xKmogedRsrwCoWvXBQYmCBU8TD+FNMgI3gM="}},"CPfOTOG74hlgWZk8d1r1WF99NlW3GetD26azoiMzP+w=":{"valueMac":{"type":"Buffer","data":"J5A3ZRNT6jhHKw1XTD96maUeDCu/mG0TKrzA23s5xyA="}},"i95x3qBcmxveix6Ccw+4EvD1Wh8LBlXRBK31T3eZHec=":{"valueMac":{"type":"Buffer","data":"ejVrE4nsE7/fbuKUbXVADaufnLByVE4XIsnkQet5Jzw="}},"800Un0WZkcOuN//fu6vLl/ddEMYREY/Whupt3TA9TGM=":{"valueMac":{"type":"Buffer","data":"kC+zqcmam9KYa9pNYawvSmMMvQwlsl1UBqFPwGMQAds="}},"6eXf/JMT+mXma+ALAauokFkdDPwY8ul6dGsP8SedyLQ=":{"valueMac":{"type":"Buffer","data":"n8UCNZ8Bb95YtmglXoNOKdjOiBBhrqtkhvck31V9RoE="}},"YehzZ7tEXZXNtSE0gGQj3ZsSzrXMb7TuNdoJIAL4K5g=":{"valueMac":{"type":"Buffer","data":"BNQhPojzRNJ6qLBHRUa1/YLljdJzOZJudPMkbcm4Moc="}},"TDkqqM3nyYUUyLbRiCUAPC7+p1UunvwJg8blIaHShuo=":{"valueMac":{"type":"Buffer","data":"spMWZ0n5CcbTVAKFq0OXy0auMikkbMMRF8QW1jKtZWY="}},"YeMB2tlmIQ+kVjW/yyyIP5eTx/sIhq78sLN0FzdxDog=":{"valueMac":{"type":"Buffer","data":"lofQQh6E+Auwv3YltJEf8Bz0BY6dlZzpLoZnrjJCjCk="}},"Hcx3ghYnLQxgCTHW4mgmFXch8dtOPIf8SGxPOWooHkE=":{"valueMac":{"type":"Buffer","data":"hN9kjrGG8SHXJM3C1Yu43NqhFyAInoARq5KToZjD4YA="}},"89FTqFQgeRBZ7Jx+kyWNULRo2hFjjvS5/iwuTwg5uyQ=":{"valueMac":{"type":"Buffer","data":"ocoFj6vvvnZgih8fHGScIBB5NBBRpead1tgenyCILJM="}},"eEBgReOC2rhCTYFJ7tvk0H5oYHN34+1qTC/W2NWfCLs=":{"valueMac":{"type":"Buffer","data":"CqN9H7m5i3+kiqBLE7fuHw/magDK7O5nM7HSWbkKj38="}},"c7egQxcdUhXHsmXKZLgGOWM0LDxesIpNy3M42XPossA=":{"valueMac":{"type":"Buffer","data":"hi+cdtp1/KASiKbcNmTnwTM34fpRSMNq+R6qyV5eVDU="}},"3NLf66KpRHm9SUe22pHLyZdwpX5LGODCJH4BAH+iRuM=":{"valueMac":{"type":"Buffer","data":"KrqXtnsBDY62p+PYv3sSjPL6Ie0dAr7eLBT1wZAtdp4="}},"zlnRVSt2jTdlFy2Aftip3m3/H2p2r9LREFouEH2FJmA=":{"valueMac":{"type":"Buffer","data":"fhYotWzbCLg5ZJWTMtX6e61Vv3o1xvw3fwmi8YW64e4="}},"EfzsBPvKf5PALDDAar8o0QTAkemkwTB9+SSBfng8Jw4=":{"valueMac":{"type":"Buffer","data":"y/sVszf9ObXrZs5bkhCl50Azisr1+aXkV8BHwYvTqXs="}},"caaRM0ySJwpyqbvGvRSZkdZQBh08z5htVaydMMqrqno=":{"valueMac":{"type":"Buffer","data":"LqLo3+BKhxhHlc8cEV1XwxARsWYgvG2jJ2U/xPPtOkA="}},"ITL7kXXo/x86C/RXoqi0KD2TDWUh/aDBwX2pARAaX4Q=":{"valueMac":{"type":"Buffer","data":"RMUw4Wmud+u9ntSJcPiD0TjB3XJHOxvSkHIQQeGMBbk="}},"VVnuMHPX6VCxW+cT/yHh8stcMoPFVGVP+sFW3ycHdPM=":{"valueMac":{"type":"Buffer","data":"dV60UB/9/Ysj3N1UYyFOq6mI5sS2L0q6q79Ir07PQq0="}},"kk1/YFWRdommYJ668OhclOVpX8AQPcSt/aYPjJWwNLY=":{"valueMac":{"type":"Buffer","data":"jJiXYY7FnHe8/0ODcyQ6fvy0Ef/I8GV0+53GZtdCH1A="}},"Hr7iZVL9FrTAP04C/pgiFnqoHFL2OC9Pb9BpMDQCHYY=":{"valueMac":{"type":"Buffer","data":"HNMlFoQkLk7bvO2DNMZH9jyWQ/78ghKk39AEK/SJTtY="}},"3THsUpiPbMXf1wggxMSCPaR1QUqXXkxBDm2ZZdg2aCU=":{"valueMac":{"type":"Buffer","data":"s4u5SUQTW5Ffojr7tnB5X49LLNRF+/CNLe0FD6rZPig="}},"gze1pMXbDEAFJ7ZhsTuxoUg7xvHysPAOOprvBGf/GTo=":{"valueMac":{"type":"Buffer","data":"US6KmQ9fCW4FQCfibwuz/9KugBERR1KWEAPJjOtHfbM="}},"moceDENUv5gJNmYAq0jSgpu22gqUI5k/dtb9GxxsGL4=":{"valueMac":{"type":"Buffer","data":"0jh4ut060J+1TeTE3f/hryBBoWCiPAsIXcR/b1CePHo="}},"GWPgb5ov3Q0fEkTHRzE2ss+OL/i/1vWncgDB8UlrTg8=":{"valueMac":{"type":"Buffer","data":"TGHIXuLcxNZ/wXJcBRsIWyn4+EByWc72/eBZYnUIvfY="}},"DEyOOWE3JOBWMjGqE50adHgh0W2M3V71t/mrSTFYUiE=":{"valueMac":{"type":"Buffer","data":"8J7qWRZHLI0GLKF7sYofegDwBY7NxT+fMHXJqRVsOP4="}},"IoA0gJPdxz5WMtuI08TN3DOLCPlX2Mx2saP/6ikiFdw=":{"valueMac":{"type":"Buffer","data":"38nl9nmJcGKR/xM+q3yHZRRC5cqeDbw5kXu5BS9Fng4="}},"+UfKrtrTGrK/wt4a+0TQs0utNSDQnSR97sVBUbKxDco=":{"valueMac":{"type":"Buffer","data":"cHECs9aVmr/krOKoYJdLS/KnVWr4Iccl3rzo9oQZCs4="}},"tzJyM9uCtr+6XsTJig973IdlPWPiBmKfffi+F6N/Iws=":{"valueMac":{"type":"Buffer","data":"ysXLSDoBwzE41oaK3nazvBxHfR3KIE4mofb1B8C6+f8="}},"r6qot5R+AQONXnPa4/4Z9SJsnk6Zoqrag1Hp8P0lDsg=":{"valueMac":{"type":"Buffer","data":"aS/U5+4FaUQLnmyHUJspf6nqIUPfJ1ZIIxnxZNurh5A="}},"4rWrs8fIOD5XLCJinCogqNpEFEagU9i2sU3gLZ9bjIY=":{"valueMac":{"type":"Buffer","data":"Kap2ZXMOmHGCqX9wURUTMFVnNp9gmt3DcHCNiVAjt4U="}},"D977qCu0YrIe7o2yHt37O6/v3TUSdKeThRaw2XsHKSg=":{"valueMac":{"type":"Buffer","data":"iWJh9wp667K74Q9yHi2N/fV8IDandm5boMxnzv7VuIw="}},"QBlw8sD1XBSmXwvqQG+AFVu2/BCScBx5rWxTQaaqMn8=":{"valueMac":{"type":"Buffer","data":"oJUtbwh9rhE0SOR2O2MLXWNrivhmpDyHowaFp1xJ37A="}},"SwkH6wSp55CUYQ+ThgyvGLzodA2YC6sTMnW0h/9mLRI=":{"valueMac":{"type":"Buffer","data":"4AqbqZkrBLVdnIVLz5jCBlSMzPOxUUJmAJMDwtUdx2U="}},"CrmNpA5ybg1FS4oFHuFda17u3KAcOmXcMi8O4VGi1eo=":{"valueMac":{"type":"Buffer","data":"zDknJgVvsMCGJEO6FUIZIfOnuArTM8SbTttEcr4twXU="}},"v+nFqx2PVEF44r810a1B4kQIYkUAgzxbMnuoStrqfwY=":{"valueMac":{"type":"Buffer","data":"Fz2eTIybGWJzZJzWH2w8I131ZbkJDP8gBsP8O5hZUhg="}},"UIa2ekWLsf5mBiAg9mfFFFYiYFkGeEDyh78YsyakvZE=":{"valueMac":{"type":"Buffer","data":"IAWb1FU+C4xiRB+qkR6ocWlmEEdfiDGLQKJXSeaRFVo="}},"64HmWMAsqdbFO+XeCp+qs3dZ6hHba+aQ0HNtBbOoBq4=":{"valueMac":{"type":"Buffer","data":"hCg64wgUrfgSXFxB3FYuG1YQ+Y292Zu1IjLlEf82Bwc="}},"RcNcATc0VFpgbZrCGeiBICkeEU1Zfi3UTtXzSvW0/Yc=":{"valueMac":{"type":"Buffer","data":"mE6yFZ7gi7gjyBlC7qh38M7qr1M8LxyAXQFmLrWaIHI="}},"QpdI4ZzdKHiCINmhKUaz1eUnhguV4kHJtl5P1PkzUT0=":{"valueMac":{"type":"Buffer","data":"BCT+GPwGNq1ZHqmmyRt96Bd6jg1utRcvzN8vqnUkdSw="}},"4gmN75YzIdUoDVSJJGC6WMQmHrr917sReM7ymK5wo9Q=":{"valueMac":{"type":"Buffer","data":"CPAlH/D3JxFrSKo2YpTAdhJgK/qKUn0q9OSeTyHC8AE="}},"XSa4bKMMSVeIirQf/qFSa7CiDH/fp3VosTg+yVngukk=":{"valueMac":{"type":"Buffer","data":"3VlrzXNTL5xKu8njAMFZCNRfHA3XSRVpBZqytyuV5fY="}},"x6sYn7i+DDX49J+bZooOEsFR+2n79GnuqCQLwYH00iI=":{"valueMac":{"type":"Buffer","data":"AfZasU7xPwIflx1WTCRC6Y3GelIOKfE9OawACe1I6Nw="}},"OiswSnLsTdCa9r4w8ifhwzM6shbPWICPXVdBjR8LukM=":{"valueMac":{"type":"Buffer","data":"b47n4j9RhjPBS7dpbOLxCKhHwdmorchn8qHM1fR4bOA="}},"XaKDxMXPDJsg4plwjAtibNDNoOBfkDKcS9RB4LUz/gA=":{"valueMac":{"type":"Buffer","data":"u99EDrjVrtdWA6goaiNfpyoAg3jRb2kXzFO/i5E3di4="}},"q5Zk09g6J5EUVdnoOC4ydV352kfj9UBpHvK3QpBMKBg=":{"valueMac":{"type":"Buffer","data":"U7UUMLiB/7u5TECPLfsDVkZv38a88u7GvP354tH1HWI="}},"f5zdpOtU18ZztEsfqRLVNCFOflxOk8pU4jmZrBD+dXg=":{"valueMac":{"type":"Buffer","data":"qRFMlItKZTHGL8zbJjDsmUfjzaoVZeBWMgCvzl4pTTA="}},"HDUDkBfRU9+y1a2clRshHgcIx3RjRE7OYhmyOZlMAzg=":{"valueMac":{"type":"Buffer","data":"eK1TbJzCcTFRbyS075soFjr6O286HP70GWw6fl0Dd6U="}},"EvaDx1RxyIcwSXb5HqFpmraUKitJeLLKIdEwX6tKh8Y=":{"valueMac":{"type":"Buffer","data":"+1WLRgKFzcds5VlBaITvoPb2/HAYyPhaw1+aiCqr/+w="}},"+GBzIUsjnHu4o7bU/CkI35Sfw3FP7vjoCdTnQbhUXWY=":{"valueMac":{"type":"Buffer","data":"G/zulduxlYWvjisRTAhlPpAQbyyNiBhroxH+NjO5p+c="}},"b13PpMvr4+HetwCTN/XTOUZSEkJm3MF251IxXnsxxBM=":{"valueMac":{"type":"Buffer","data":"auPg+AWfTNzc0ia6Xb5mzyXvWzZq6pXUFntY0uVb9PI="}},"Q3EYqmnwjw29kUXTuCr2SY3GJmcCkC57YZ+CHqfO1TA=":{"valueMac":{"type":"Buffer","data":"RYu7xsswck7Lh8xLu2KLsFG4RJO6xuqtorxNIIigsyY="}},"LoJ6PUt4A0TAJd13Jr703D08VQxgaqCRxWWyu3QVY3Q=":{"valueMac":{"type":"Buffer","data":"oERDqgLU7o+8mC1AsI5ECir9ljlNe9oWqPz4cEQIy3s="}},"YmYOF05X+DCmiXv3PFGc3wGVt0Oe8KZ/iCi0bRaaWQw=":{"valueMac":{"type":"Buffer","data":"xm3mNtr9pC7zbwBDxsLE7vhUZiKGFRDdS9HE8m2jAkI="}},"+GUAhvtHiZEwLtZhhN5tq8kftbujdAyPcfmnmVxON2w=":{"valueMac":{"type":"Buffer","data":"//we6vY7OpP8x5qUk/Hf+xraQNyYK6aOdHbwEWIDHGg="}},"kvBkyXhfUti1WkyydjU6oOlZBXqGjqfodftu4pa/VRg=":{"valueMac":{"type":"Buffer","data":"0MPPo7Y/o7pxHHvJMsV1QEk7OWgiSJ++HQHwvHXRBf0="}},"QrHhnHO3yW1pkw248SB7X7p/ltJ4mGYSNJ8U3qyBHDA=":{"valueMac":{"type":"Buffer","data":"1E4ELGOgM3OsBgsiLonaky4Oc3444TOZGH5jAAIaFA8="}},"gdKznrCLBD+6PneXFOYJ0ziZPSOFA4UJFH9Gh1+Q9MA=":{"valueMac":{"type":"Buffer","data":"rzbiPEkZoPHvzHZauLkeYWPV+ZYXYxMQA9roZu3MX+8="}},"apKhDQVYF95laABGt/z0/cKkQR8qVpuK2gx/kkGSLfY=":{"valueMac":{"type":"Buffer","data":"eT99M2D3ukcg5Pq5i4cGZZRf5GrBv6jCLO5piArWRFY="}},"+x2KAum21gKsjJgVHRzellwWS+A3vhPCCXHms+KY0Vw=":{"valueMac":{"type":"Buffer","data":"Vhklzx0Dre+c8pT0sQvNrx4OwGBSh37q0p6h5H6DOFI="}},"7Z3FECMjiVNWZcjTlFJOzHuuyu+Y7hKfRkpJ/LUxbY4=":{"valueMac":{"type":"Buffer","data":"getHSAbJ+I1Sxjm7nOjlkfAjm5ZwLN6KgZMsJSfFFJk="}},"SBmBtTVRiS3y9xFtpOW/fJtsfsZUZUTnmrqIMDG1BGQ=":{"valueMac":{"type":"Buffer","data":"tRSkINcd+N5WY5DwoObwHsjQGTq8TJ4pCbAR995wlxU="}},"fPtxOFqHFsxYBBjcaC+sLyb0O8mLP4v95Fk4ScvlnCE=":{"valueMac":{"type":"Buffer","data":"93ElJrrQVgQYpO+Nuuj2X4zNr8aAoc5zNXj1oXH+na4="}},"ay4IkX0vjoA/wE0VVtIzhMXtm1fgxaHBFk/io3j6710=":{"valueMac":{"type":"Buffer","data":"mbpJ3Gf5t8gzBhDXEEnqgomFPl6gz5qXivUw6kFRF6U="}},"Ob9frsrRwFC31YraCrkNVoHTi5RJlZsNftzXvesWwWg=":{"valueMac":{"type":"Buffer","data":"UAvDDMBUDzpxZdG4Aa9O+1D+foF29fwfnUa4cw7NJd4="}},"OGhKHitfiQDMFbp7DU+uHHAAveYYpTTV2PRFB6mi+Z4=":{"valueMac":{"type":"Buffer","data":"Eqoz6VR+jdEyh34Ognj4BRK/samnquR8Se13Xqhe18Q="}},"zu4u2Xojb3v33o7UUaRRf2RpSfKDVSBh2q6T9QKxv/M=":{"valueMac":{"type":"Buffer","data":"LeK+FQoKJzIbXUhJ4IJX3th0u0Xevt6sZrHKcF3Q8rw="}},"q16XHkG/5RewFpWeWDggJMsVwTeTMUH9yji0a9z6+YQ=":{"valueMac":{"type":"Buffer","data":"a+UGtH67fQKwSSsMYYqiQlc9OMInBF8sVLLar+JjItk="}},"lT88Dq8WuLd5UwBJIrRGrYALg/nUMJbFGOao+9DCSo4=":{"valueMac":{"type":"Buffer","data":"J4kANQnRHQoegfd0DC6qv6V4DRCF6E03IGPxqq4VEgo="}},"n3st61szqO736JY4l+gXT6m82xQYJJDtaje+KItuVC0=":{"valueMac":{"type":"Buffer","data":"XRLY1X8eAWW0t+CArMvnVwYn/nTUdIq6eFx0KU+nxXw="}},"XJbNxlbfwebn7ErYCwZ6mRdTwVjUiBVivzSblRtFjI0=":{"valueMac":{"type":"Buffer","data":"x4PHzUA2CiIy++RSb9YFilELdWmJmKD1WxgI1605nO0="}},"urdJ0vodqyOfB0Njcd5s1Sixw9yUYLQ1hqIxu/S8je0=":{"valueMac":{"type":"Buffer","data":"3yV0WyZW2DWdth1qFNJAEROu5eYSCHPrxvXkBdeFfew="}},"oZgSgMoITiAIM875ImPbPRXlSjOebTodG/S83GBiYk4=":{"valueMac":{"type":"Buffer","data":"jsb+MHBg4NoJK+l7gm4rD7TF7ZzvhZzCcJ1ML5yfHTM="}},"yE0ZPlxu+IKPZXaFk2TPpJTi2l/d+F/YEEIwgS5Ro1I=":{"valueMac":{"type":"Buffer","data":"G5ppe3bIWE5xgHL5lTIhFDM/ZJgzazLW7udBeExi3yE="}},"3GFIPHHdvD0PdNeMdQAcnBS1l4XbJNaZB7V4907jD8I=":{"valueMac":{"type":"Buffer","data":"tg0bVvrbX7Fh0buDhJP1b+Tv40ntp7FwQRyQQHYmkd0="}},"Fd2FSJCxc0CXmwU/jqes4lqjlBaXM0wl8W7OEEUI+44=":{"valueMac":{"type":"Buffer","data":"WwJ+r6yJvAp+lZykCv/nDUeooYY+8f52ikoN4tvkCeE="}},"213NCZQy5ZgJaylpUophShmeJQLTBqaK29rq4aAjHaQ=":{"valueMac":{"type":"Buffer","data":"mHyx9Gjwbs9+sacyxf8EkOUn8YXs9ERv8R7buNPdzTc="}},"6TR4S24Hq5G6t56uN3b7mySeLX+KlRYMFoJzBg6SKR0=":{"valueMac":{"type":"Buffer","data":"jDRDq5Th3M6Az0+5BhV4IQtnBqnPbGR2as4MiQHhmOI="}},"RfanHpM3vILh26D+CeaW4NcSdUtQlH8s7odLJKoV59E=":{"valueMac":{"type":"Buffer","data":"B4V8SaCVLKCQjWCZRK1uwSmpzEi+A7vFMeSbEYAGPn8="}},"dz2rSDt5802Txnefat06FY+Zy+xYuiwE+d1E/ZWZsrA=":{"valueMac":{"type":"Buffer","data":"OCkX0oy818nwI4kVCT4uvxDbbac+6+hnwCJbbKiwAh8="}},"wHPAbHGU2OeT8VqYQcn7FAgsRi1ONcF6VIbtX5eIkRI=":{"valueMac":{"type":"Buffer","data":"mGZfIw9/CCQ90LqjXRuq2YVLJPXU3lks0TKQ7PwAHic="}},"KLEbY4JPEW4YwAD3pDhgk9wikNIuX9/Vt7ehzmRcs+E=":{"valueMac":{"type":"Buffer","data":"0r4JjKLoYF3KJ6gYo7OIWg0e+fd6rbX5sntu3RNj0YE="}},"df5u1XcSbRzw66oHlcWAFcL52s2HPxQkkv9GoraozW0=":{"valueMac":{"type":"Buffer","data":"m4Cs1eANtdXV9P+b7Hi5SEq+/HnY6DvdZwNlKpS0uqM="}},"p6mzMd1d79YwY1NEqDn9xGnroJCnLq2l6b1JcNgS8Iw=":{"valueMac":{"type":"Buffer","data":"1Ju0QCM+zwZP+eFOukl9V4pnOMwF3zJfgMjGeqRwlaQ="}},"kEHJJj+D/E95ZS089L3uSKrtVEhA3E0Q3pqsGg8chtw=":{"valueMac":{"type":"Buffer","data":"zoqqD3ow+ReCN2KF2HgXm34t0cezDpMoAqGJeLk01k4="}},"/ltfqSdPp4l2ZCP5fO2U/15M1JRmhozGSEGRuOThoc0=":{"valueMac":{"type":"Buffer","data":"R3Hjx8mRr/JaSHCme1/BHFDYH4cmssV6OdfLNBJjLCw="}},"r6W+qnxyUX25kCn0K9FKPJ/8kEZoNTCxKR5G+aL9ppc=":{"valueMac":{"type":"Buffer","data":"q+DCqugW2U9DgWYdhBQlv8WpLRUBedCiSwbHNWXYf64="}},"QaIxCVS9m7CdtLzXfBl6OF4Obns/dsOqgk3ytoUaIsA=":{"valueMac":{"type":"Buffer","data":"ydqfUmf4dImga8rD6yfzWj2X03ygtv+YtR4WfKsfajo="}},"4ed85ttMBkv1dAPo7VobF3jp+xYOb2hIwUCqqp5piUo=":{"valueMac":{"type":"Buffer","data":"IpE8irglcT7w8/z0rwFPgklSShPL12s83xaE4V4nmVk="}},"etp6xeXCZM1GgpEQNkaVEOtrRPhPy0+R83RnMG8il0I=":{"valueMac":{"type":"Buffer","data":"3/3NU2ELIaYMUWZwoipRg6i7Nz7zcHdjVvc563Hp/CU="}},"iBHACnaF1i8MY4ypw3eLDM33xWLNGOtQs/QgyjsyG1s=":{"valueMac":{"type":"Buffer","data":"pho6Bu4Z7msZc9YVsSDszOC4FxRj8ka0XERC3afTORE="}},"qKyg0AF5+ZaL42OQ7CZ3ZOMCbPq+8JH9zoqr6Z8gnUw=":{"valueMac":{"type":"Buffer","data":"fiORztmxKnHuehANsocANrYQas1ZxFWnw8XIxoe5OLY="}},"4KbCXR8QkKA/V87y5tP0x96mTcJ/5fFc0J+Q0Mdr8UA=":{"valueMac":{"type":"Buffer","data":"zlTHzb4LLU+rNAIeV5DhqdJSUrIWz2yL7Y72zPOUHXs="}},"1yCZwnWpruil4aFGUd1AHf6RFExWVuCNSkBtP7ISITo=":{"valueMac":{"type":"Buffer","data":"3Q3xpsDJTGd51l71ryYOMSjI6hkKA6hKuWm3At/04/o="}},"REmD19af6ObtyzjjfdtBXaDDvyvcJMNjhpuiwgRqTR8=":{"valueMac":{"type":"Buffer","data":"0wP8Fv/DzTNcR+uVhJblVX98+Bhm/xCBRR3yg3YNv+Q="}},"b1NZZix6yhNlIG4c46IofEZhQjwQuKDgXUqoHI6cFeU=":{"valueMac":{"type":"Buffer","data":"RiSvdp9b+dbxmrib1fxmz95F99p1z67L+S2C+6rdgYc="}},"SMrK2ago8npCx7yVHGx6HkHxXQpGtOwla1sPm7BIa4M=":{"valueMac":{"type":"Buffer","data":"LzyXqZJ7mRs/p0FX2pdgLPSfLtxk9a4rmuycoIjoxIA="}},"vb6bR8LL7Mz+83K+xiW1OX2V84D7x/hFezqtGkTJE5M=":{"valueMac":{"type":"Buffer","data":"FnROIS1u/XzvRgJfF8/woSlYpoEOEbqjpIUI5Z9799s="}},"BjyKb9SCv6dOMGWQCtpLlEwDWe4Pg/WLRLpp35WeXMM=":{"valueMac":{"type":"Buffer","data":"xnx1o6AYTvt76+CN6l3Yo1hX5olWLhAjB19goKfck70="}},"7R5cm3Ruw3zYGKgTssqAvpI1E6xXw6X7gQGR3qW+sCM=":{"valueMac":{"type":"Buffer","data":"Voi7CmOPzrBUEZRxi8t/il5/VIXE4xCdGr1ItV8Vxa4="}},"QlZtN60MbTaHh1pAXI7kgVs3LNp4//uGLCHYWf1/1/M=":{"valueMac":{"type":"Buffer","data":"9Y+QTsjG+UFHbkJTay0+hy29/Bl6yoq5YnA7Eo/j9YE="}},"vua2JrS5p2C8A0nu+Bhg/K5ButGFv52LY52i9FoFh20=":{"valueMac":{"type":"Buffer","data":"D+CZqno+SddJB+C2UnYxe9JG7d2PGdfwX0Ol8oXuPhI="}},"SsAbQghi+1kQQQNm+fACd8q/Ev/NY00nGFIq2DGtets=":{"valueMac":{"type":"Buffer","data":"UnO0vp7Hv4wfRgpvtYWGPmyruY0r00sjtQ7T/Sdi0jw="}},"4iM3aQHh2162yRPlNO9A20WQbN2LQzZPxWj+ih3ulIs=":{"valueMac":{"type":"Buffer","data":"TuZO3obVVjnwUTGfMX1VmrY6X9WuXCeE/+8/kEZRJiM="}},"iMsqLzoNsgl6J2C7vgqDFVJbrps7o9+ZqWXNwK4/JKo=":{"valueMac":{"type":"Buffer","data":"6lJHq3uVww2obxCK8ykt9b/LuxynQjR0RN8f6hhjqh0="}},"NWpvXWUqw4G8h5PhE0pyw2CZUjI9Rm7uzrhTWO7HPT4=":{"valueMac":{"type":"Buffer","data":"ybuOsyCXqFVQMirBjAGBVLsL3yBKJU1o03plQYHnoQ4="}},"oi3rnN2QZki8FDR8D8IP0MYmiAwgxwhISKzn/+4PwlU=":{"valueMac":{"type":"Buffer","data":"sme+vHf2E5xb8lPZ0a8sxEmN5C5miVOH49Qi5H+CKOw="}},"8J1HK3aZQgtz1FtWRp2pMCMnZ4L00IT4gxrJtpHJOgU=":{"valueMac":{"type":"Buffer","data":"YDbdzcFKQofIAz3fNk+coEMRv0qeFC2WoeacDLSdxvM="}},"Cne5rUXnM4m60CeFydlyMgRmKr1spsr7QzrkgRVdRjE=":{"valueMac":{"type":"Buffer","data":"nR5jKhLm62RB3fvJGeEst2f7vZoIzYtRylDkQVpnknQ="}},"8aDrDXbrepbwC2zi1WBp96o5BsS4BbVexJt/kkxpads=":{"valueMac":{"type":"Buffer","data":"g0C6WpTuM4LYZPQV72rpDwZXBBpROJnb7/tX2Xd4SlY="}},"9Bafup+5SEs1/4nlT+DZ9jCLoR8RK1WtTHu4t/PaKqw=":{"valueMac":{"type":"Buffer","data":"qNBNobuEBUJif4XHcl+4oERG+mWhc5urbGgqeY+tZ+M="}},"G+ID75CNdk1QkPtBzkiKIh5HaNKEC0tJ3UNvF8sVceU=":{"valueMac":{"type":"Buffer","data":"GZMJ4bL7nhVJurqahve5Y4nS3IUYxV5ViuKJRsH1gOY="}},"BC7amy1WLbQYLN1N59+AJKtZfcrjSIYNxSvaKTs2JRE=":{"valueMac":{"type":"Buffer","data":"eIcbyPjPaHqjcUV3EG2A58p1J+beGYtiA06PDcekIW8="}},"go/6Th6ngeJuOhYXSN4m8i8GpF4Fwh4oJ781MHozNjM=":{"valueMac":{"type":"Buffer","data":"MFzZcylj8R58IbKsIPb4cnAaJYa41jlvS+4I8JAdAdM="}},"zWkkZyRjP8umLxm4KsuGX0l56oPwpVoewybOxFDnea4=":{"valueMac":{"type":"Buffer","data":"Obewpwqb4DoEKsFCe1Tuj65LwH48A+rqmoVuCUv1UkE="}},"dKRsvLXvdlZ/5NVc39BOGXLpBi/iRfk0sd6zOXKFF5g=":{"valueMac":{"type":"Buffer","data":"7EXji7/CYtUYezIhuNyIRx3FG1ciyG7q03pOulGmTLo="}},"63TqiICXYX8d0WJIDGAyD1Rh5mWR93hR1b3F0mP4K0Y=":{"valueMac":{"type":"Buffer","data":"QoyQosNz8xQIP7hCoEc3ScZoDLtD1YA2FWQR4kmu3YI="}},"SMCoqNBnVXVZ0/cJEltgrcYbmJ2bC9vm9YhpMLKISmU=":{"valueMac":{"type":"Buffer","data":"b+qJxYE1BhCt91SmcKYYTqfzNJKZlwILIhPbO+/8KEQ="}},"dkx7K7m9mYaAlmnqmU7vCtKpVSdVvrhiHkQ3BPety50=":{"valueMac":{"type":"Buffer","data":"Wxv8c2Io/S1QSHPD5gL1Ck14TXby/Rek6/g92blt78A="}},"LXo2W4mffQCWRUjQ1iyuHbYfeC9UJjcdskMnJf/xE90=":{"valueMac":{"type":"Buffer","data":"56fS5VlbWOwufhA/Iq0Z1GHz3Wk0eIFwf9LDwaQigRY="}},"h+26P1LSoWouawEhMPK1YIy2mweCWlHIfsszFUEdCMc=":{"valueMac":{"type":"Buffer","data":"YCt/gzbxhlhyJ3rDVF6pcJxqmyEx9+OiZtA57HrlfG0="}},"gpyRUO/FZL3OMyhpvgvdC+yZfyXnpsHFsvovBjckH00=":{"valueMac":{"type":"Buffer","data":"lPc89Z++ivmJKgug6e4KZCR68qHd1qDCEXisuR9aCoY="}},"aaYmavB1361rzxRznUj8uuAtW8TmiCSpPfWFy83zuEA=":{"valueMac":{"type":"Buffer","data":"ma9DcRYspNzde8rc7JfN++8I9aSZMhV7F2qvW+jNccY="}},"7XEM4IflPFj+ktsQgZwF4PMPuXmBfNGc++aaTa3eNU0=":{"valueMac":{"type":"Buffer","data":"MKbTxjcEYMGNxWkGRKVpK4eOdHi7U8OnGSboWZSYjWo="}},"17E6tfHkK7aXLk9eRE7d+F2ko9q9V/9eJa2fd+o27wA=":{"valueMac":{"type":"Buffer","data":"5GqyZ2wIdZ2ZHBjpN5gH5F0Jmi/zLdKVKis5vpcO+As="}},"Qc6XXzc4HKJassko+9g7w+S3Xp1talxW1u2gkiDwPbM=":{"valueMac":{"type":"Buffer","data":"qqPo+ZPqo5/O6hffY/d+4iHJ0b8dxkIXLZ1A5Lr+6+Y="}},"P7t1xuxqTICXkoksSgGq3VXJOdWmb6Ixzf/xQF9KVEw=":{"valueMac":{"type":"Buffer","data":"33Fty0sB7Pgaip8dtl1iCee8N50wlY5nIqQJQYDTWiE="}}}}