{"version":3,"hash":{"type":"Buffer","data":"VqZmuAZ70H9ckV58v6CJu/u2D7huhP+TS1X626STHu8irCiSSkM0X1NUXX6d2wmOhkMyAuxwsiIMgLk796g+1Y9BcN8cVDTdub7CQt4qHVWHw/HBzNIB0LAbFGbna+jrtmaDZVBQZGXkGx5ufCgFSqdhNQEwLk+GmLz/Ogy3sVo="},"indexValueMap":{"1nCY4RSFiV7A5JSO7eQ0UMY8bXG4QL9aHWzdFmHQqKo=":{"valueMac":{"type":"Buffer","data":"fbvsERcWKZc457T6+9QCbW6fPCHt7OEGQraNLqxTY5c="}},"EoAUxWl0ohQekJO6cmevoEnAVfClXnruvO/VS5NDSSw=":{"valueMac":{"type":"Buffer","data":"qZjoyqY+i7OzuuCbIHx3g7goDR3162l0QrkuWNRdpMw="}},"HgVH+mcH3NwkCLy0kZPWwpevzhWbFbqiwpvOgT2fV9o=":{"valueMac":{"type":"Buffer","data":"ZgJ9LyGRPP0D2fJNjwVpgJ6D8f+nVrWZhBRr7+Jv5y4="}},"/xu0Mw5ln7E3rLaH28MFJCkHWsHnKv2vYBZdN0cDyPw=":{"valueMac":{"type":"Buffer","data":"rHdSloTdXz7Ze0N0S2UqupXduzlScsdI0d36FAnvDRM="}},"6XNiXQdxJpOAokxujMVOzs666L3qqxBxZWhHJODl0/M=":{"valueMac":{"type":"Buffer","data":"2UQ5QJYH4LnmZlj8qTL6ahNCg5HSw8nVo5iIyd2QQ0Y="}},"TRfQyOHWECyNJsxHK1o6Uw/HQY1BbGE8JFxFIUOB5zM=":{"valueMac":{"type":"Buffer","data":"pcqXaBOQjwFsgCnXYIODRU5egPQfrOb+WjGVEiZyD7k="}},"XCIDicTJ3gZdOmH++Tj00ZaZ58WiuuFQ8MgyUFEfoNc=":{"valueMac":{"type":"Buffer","data":"+6+AKXvhYr32I46F9dKqi0BmRs8p3nDvkSB7hJCYuiQ="}},"BMucnL1xXFlF7hkYBWIH3+Twgnd2LD6i/LPc84fWvF4=":{"valueMac":{"type":"Buffer","data":"q+DrAtYRg0K2YSEiU0/lvK7suH1wd5jKY6LDLLFRHgc="}},"F4QG/sPgLyiz99cXWADJOI2BN1EvvP93OmWM4qpAMHM=":{"valueMac":{"type":"Buffer","data":"dY537VBCNq7upD+Sj8iC2xTjcDGcqfnk/lfgP76NKlE="}},"v4Mi2r/rAXS4AQfYSaUsM3TDOY1h8ZYlbb/FqGOo6qQ=":{"valueMac":{"type":"Buffer","data":"I7DQulaoRr5sgFc/UGvlFYxs/ZDdvyjzwngWlgiNfdI="}},"qpA6OBKpjNvt6T77/+MSEp62cjWzq08oimRBwgGu+nU=":{"valueMac":{"type":"Buffer","data":"jNY9RXXIDIivr2Nn7PbnSpHEgpQXij/viseEBD5jpsw="}},"aJ+otvGKgysLgaXN559wusKEGRhlSl80kR+fJ1dDVis=":{"valueMac":{"type":"Buffer","data":"NV1izOk3/ve74o8csxcJ1mZc5+Rfg3TR+c/a+KeC1Eo="}},"k0tHgS/7wF/p0B6UDWi1TLzfPW5WsOGc6us7ejgW9JI=":{"valueMac":{"type":"Buffer","data":"eRW7sa0tPzgIIADxAoFiQn6eee3CA/HDqTXwods/DeM="}},"P8b5SQtqABZhJwXDSakSMLF1Go2/vyrDVNrg5No/LUw=":{"valueMac":{"type":"Buffer","data":"/8VfgdMf19wmT4lcyKgfbsCH6cdO3KUuEAiEZ7uN0uo="}},"cjoTy3ZHvircJ+3l8UkuSRvIuyqnKIbJBgLQCh+Q9cI=":{"valueMac":{"type":"Buffer","data":"Hotw3VXO/+sxDRz2sw+MReq+4K+LoOzZ+iDKzm4ScUM="}},"lcok3sZrfaqenTsoqkqHppM2Rqp+c2YR9+mxrbmXgJE=":{"valueMac":{"type":"Buffer","data":"4K2f/LvNmbZX0yhfyRpBpkqzOd1Nya2qQaN8O7pXTnQ="}},"F+Rb5ah63blGxGEiSA7SlgnwcWbfjWP0MBinxnqtVCI=":{"valueMac":{"type":"Buffer","data":"Y+M0zG3u5N2Yhs21XSYPez3OVx84X1poFPlfuJKNDv0="}},"EIyzUvs7omE608lX7wE+voDkWAfVoG+6FJo0ZHgQk9g=":{"valueMac":{"type":"Buffer","data":"Ji8uSnugk6gqPYkN/HqGsjW3z0+tYbhUQ0L4myfNxjA="}},"p5E6Xgip5RBcsRkl839h3x2CZGhY8OCPF8Eifhozp7k=":{"valueMac":{"type":"Buffer","data":"S6wqG8Yy7hiBB9Nw73SxAkp9CZdLGoLEdgnqPWgcbKc="}},"c4drTUjLUS9rCqSxQYgBDc2/BJ2cc+Vd57dK6pPPp18=":{"valueMac":{"type":"Buffer","data":"cnXiFO/hOGOi/0CSIl2Z3igie4K9W7L3LoAKjuIsCQg="}},"IP4M9n7pPzLDm5O+EaXWCtTLdMbWJe85vUTLiUe0X4w=":{"valueMac":{"type":"Buffer","data":"nZhCr4wywh2pDSQo23owpzIVtDVzHsjKVlvq4JQFrW0="}},"SD2xEXr//RL7cvqzNPLla0jtdB6LuMXN49bF3ffQoP8=":{"valueMac":{"type":"Buffer","data":"LyvtS6tspHK4M7sHrdTaHEdHjwjCD9/wqxA0rY9sE8I="}},"s2pkJVCv5/YOan+lswz8i4k83VhYAV23NcDmAjSjK0g=":{"valueMac":{"type":"Buffer","data":"l/X4dL90jhaw43Qu1/YX+0fR00tS7Prs3P5WjKKVp50="}},"6KLJqHneEK1Dwr3Ree0KfY5mSSObnW50QcJZhX6UAqU=":{"valueMac":{"type":"Buffer","data":"8z5DdGMzx7KvlmNA1JbJTuVE0gnbIHNcKV2Uk87J6Jo="}}}}