{"noiseKey":{"private":{"type":"Buffer","data":"ME/crl4qqRXg88xtLxRXo980AAQJeWzqjOli4VKF22I="},"public":{"type":"Buffer","data":"9TzK2OWvcpe00hdIm1xRP2Nop409bYvrwP5NH7gfFT0="}},"pairingEphemeralKeyPair":{"private":{"type":"Buffer","data":"AAji0LvpZTvctnbgZ5TNH/W8ouUJncdDNH8dkdUPokk="},"public":{"type":"Buffer","data":"gLndHMl1QMAKFCDr764b4eqdSDWWrjq8HqPDgWhx2hs="}},"signedIdentityKey":{"private":{"type":"Buffer","data":"MGWub3l/drEG45yJwatFfRAFnDBbcESC40PU4gC1Q1o="},"public":{"type":"Buffer","data":"Z8WSoEizLGjUnTUwLpCHuiqQS1wFJI3xRQ02gOXezgI="}},"signedPreKey":{"keyPair":{"private":{"type":"Buffer","data":"iOk+mcXFRfyh9eMYwUH3i0FCMsNUfz/+btwh4kCWnVw="},"public":{"type":"Buffer","data":"PNUFlRMeK9ajBHwOAp6NzXv4u7socwm/j+vF3C3Pr0k="}},"signature":{"type":"Buffer","data":"2ejVgFErqL0Cm7CWXMV4oDTP/Dye+ApG3orPIy0YTllJBG/f8u1aJZWunnVGKMG5Ak+DRwziWANS4CVxoBUCAw=="},"keyId":1},"registrationId":138,"advSecretKey":"cxPWBXLDbgopI1O9fGYUGT1jrUdIM3IJ59ngfo7Dnnw=","processedHistoryMessages":[{"key":{"remoteJid":"6285869025919@s.whatsapp.net","fromMe":true,"id":"A5159F5347F88E386FC2F7B9ADEDB8BE"},"messageTimestamp":1761670849},{"key":{"remoteJid":"6285869025919@s.whatsapp.net","fromMe":true,"id":"A51E4BC9BCFCA21AF1BB45D4FA404092"},"messageTimestamp":1761670850},{"key":{"remoteJid":"6285869025919@s.whatsapp.net","fromMe":true,"id":"A50CDA18AA6E8222C37893F0811463AE"},"messageTimestamp":1761670869}],"nextPreKeyId":31,"firstUnuploadedPreKeyId":31,"accountSyncCounter":1,"accountSettings":{"unarchiveChats":false},"registered":true,"pairingCode":"XSKYCODE","me":{"id":"6285869025919:73@s.whatsapp.net","name":"yzcreative","lid":"261739987873803:73@lid"},"account":{"details":"CK3g+YMFELbtg8gGGAEgACgA","accountSignatureKey":"b/imM+2zPM3Z6pUINW2kGzbY6dtQUv/frz2y+BjglyQ=","accountSignature":"7rDgN/g22sSwWdvnVXif9YXEYWi9KTnQRRp4qTcFYguBFxmfBjdE91Y+ORf3szIyt0lqAyUoBQV4NlYfRb2iBg==","deviceSignature":"+3hKqYnhwdc95mw0jmcdM8JuaehGivvQFxaPwI6GQOjDtfF9yJ4f7WC8xAu11fORl9hmBjW7Zr0tpAkKinGVCg=="},"signalIdentities":[{"identifier":{"name":"6285869025919:73@s.whatsapp.net","deviceId":0},"identifierKey":{"type":"Buffer","data":"BW/4pjPtszzN2eqVCDVtpBs22OnbUFL/3689svgY4Jck"}}],"platform":"smba","routingInfo":{"type":"Buffer","data":"CAIIBQ=="},"lastAccountSyncTimestamp":1761671886,"lastPropHash":"3R9Z39","myAppStateKeyId":"AAAAANh6"}