{"_sessions":{"BWsK4g7xPkkVA6JXSt5l8lP9rExdYv3OPJ2bd19PlJce":{"registrationId":103,"currentRatchet":{"ephemeralKeyPair":{"pubKey":"BTkj9GFjjFo+/GnFM8g0oXso4D1mXKuNeiKzUgMqUclP","privKey":"oCErJxj5ub+bbshE4c6fJT92bkRAzu/gd9mje2OFzFs="},"lastRemoteEphemeralKey":"BdqzdyPPsUa1rX9HL3cf4Xpz3osAwCr7fSwk7sRB8X0w","previousCounter":0,"rootKey":"zcaBdizZ12mH2sS3xduUVSYtO2OrRns+EF9KoZoBCiM="},"indexInfo":{"baseKey":"BWsK4g7xPkkVA6JXSt5l8lP9rExdYv3OPJ2bd19PlJce","baseKeyType":1,"closed":-1,"used":1761670890913,"created":1761670890913,"remoteIdentityKey":"Be/+SsWnS2BOCZ+lpkNAIAqUA7Mx/giQdpKkwizLu0op"},"_chains":{"BTkj9GFjjFo+/GnFM8g0oXso4D1mXKuNeiKzUgMqUclP":{"chainKey":{"counter":26,"key":"XNHlaLXmzPB+i7SfRiKyEmbN3+EFr9aUG7BY35ZCFPk="},"chainType":1,"messageKeys":{}}},"pendingPreKey":{"signedKeyId":1,"baseKey":"BWsK4g7xPkkVA6JXSt5l8lP9rExdYv3OPJ2bd19PlJce"}}},"version":"v1"}