{"_sessions":{"BUcGtMVWODmE5yIJnyuq6vFR5YBz0elC3qAk2orz9Txh":{"registrationId":1584627847,"currentRatchet":{"ephemeralKeyPair":{"pubKey":"BQVgxa4P9E35EkT+J+8yc2BhdMTnoJ/Afq/pF0WY+Ng5","privKey":"QGciCuofV9Zx0R8L0++4rUWYNN4khxZVvIxY0B4YAks="},"lastRemoteEphemeralKey":"BSX5jJ3G3pJIHf+BO+BCbRnmxlyCZ4fgXtxSH4XgP5g5","previousCounter":1,"rootKey":"/e08393KQksdMHF3OiBE0AvZzXQVKpjywMGz3R9sRsM="},"indexInfo":{"baseKey":"BUcGtMVWODmE5yIJnyuq6vFR5YBz0elC3qAk2orz9Txh","baseKeyType":2,"closed":-1,"used":1761670869489,"created":1761670843264,"remoteIdentityKey":"BW/4pjPtszzN2eqVCDVtpBs22OnbUFL/3689svgY4Jck"},"_chains":{"BUrhGQFLA8j8MbpYYlc2Sh5Umxu5+48WFJcJH7H9s7kG":{"chainKey":{"counter":5},"chainType":2,"messageKeys":{}},"BSX5jJ3G3pJIHf+BO+BCbRnmxlyCZ4fgXtxSH4XgP5g5":{"chainKey":{"counter":0,"key":"zAs0DgrT5+9fnDpQkUyA3B6OLlS4zRkpwgvwY5ndW0w="},"chainType":2,"messageKeys":{}},"BQVgxa4P9E35EkT+J+8yc2BhdMTnoJ/Afq/pF0WY+Ng5":{"chainKey":{"counter":64,"key":"OHSFn19ZY38UDDX2WNVX1UD3BFKinvQFs9kUXMmnJB4="},"chainType":1,"messageKeys":{}}}}},"version":"v1"}