{"_sessions":{"BX7K8UyIiFRaS0+4M2D4Q5xAF342+gxETPo27xGVdpxw":{"registrationId":1482811240,"currentRatchet":{"ephemeralKeyPair":{"pubKey":"BeqCcviHu8FVVwh3hV7K2nRgXRR+Ajuv+o+AOLOLRLYA","privKey":"yEjTj6T/ukIS/R+MiWAmqt5yHRgEsixlZ1zie9twv1Y="},"lastRemoteEphemeralKey":"BY01bUxF9oQjfF8Hl2sEstDv0aUK2oFMUmjJX805czN1","previousCounter":0,"rootKey":"JWEpBRBugUlTg3F4JfnUKgC7qmw3t737vaobejumIwo="},"indexInfo":{"baseKey":"BX7K8UyIiFRaS0+4M2D4Q5xAF342+gxETPo27xGVdpxw","baseKeyType":1,"closed":-1,"used":1761670868108,"created":1761670868108,"remoteIdentityKey":"BWtPAV6FNqbMpiulDcae32pcNRU3qQgY4PXP1KxvpKRz"},"_chains":{"BeqCcviHu8FVVwh3hV7K2nRgXRR+Ajuv+o+AOLOLRLYA":{"chainKey":{"counter":39,"key":"78yDHe7tShVONok0eQmU1RvtPBduw6fgTgNMrq0C/Vo="},"chainType":1,"messageKeys":{}}},"pendingPreKey":{"signedKeyId":3647186,"baseKey":"BX7K8UyIiFRaS0+4M2D4Q5xAF342+gxETPo27xGVdpxw","preKeyId":9623}}},"version":"v1"}