{"_sessions":{"BQSS9ikHegug5wMnr8UpMWIW9dgAkZmVtAbz4Aql9D5i":{"registrationId":1747784831,"currentRatchet":{"ephemeralKeyPair":{"pubKey":"BbTOtYk2v9506nNwUvydm4q4RUHheAinOYP6FE2KyRJd","privKey":"UA7u4ZNiRAgKk4zFjXUS/bGdFTOLD6DALhzt/yVi6Eo="},"lastRemoteEphemeralKey":"BS3w+nuxN/mYHIb8TZiXqVNBj3Od4BVBtFIvbVcYhIY8","previousCounter":0,"rootKey":"kzH6WhamuZuCLSXAfPHRqwwHFXjBcn2wlN74uaL0no4="},"indexInfo":{"baseKey":"BQSS9ikHegug5wMnr8UpMWIW9dgAkZmVtAbz4Aql9D5i","baseKeyType":2,"closed":-1,"used":1761674364288,"created":1761670866649,"remoteIdentityKey":"BZ1YdR4kNng3wCNIrshQ6aHu3HYr6N3ykiw6tTL4pSFM"},"_chains":{"BZxIfIZzFic3BP9lgF1IE9vSSC07eo4mrlTmlreCez8v":{"chainKey":{"counter":0},"chainType":2,"messageKeys":{}},"BUNFGoJcZPIMz3r8++Yb9Bi/veotSQjTcNW+mCjO0btE":{"chainKey":{"counter":0},"chainType":2,"messageKeys":{}},"BUoBwTOs238zMbLUESajyhsXP0q81X3t+4n0GjD4jh0n":{"chainKey":{"counter":0},"chainType":2,"messageKeys":{}},"BXOcQvDSXUoVY++Ndy0lxiD2Lk1zYmJqoOoqdwyLG6dZ":{"chainKey":{"counter":0},"chainType":2,"messageKeys":{}},"BXe7TMa9sO6VEoL54tQ+x4nU4hIXDiAS15N4DssRLdBJ":{"chainKey":{"counter":0},"chainType":2,"messageKeys":{}},"BcYurVtHTzkyzoYmxEJEXK/Da56IjGrvfyi4u+IA11RP":{"chainKey":{"counter":0},"chainType":2,"messageKeys":{}},"BaHGzlT6NEPQfitZfkoPkvNexFeVPy0JyI7yts2BsPYr":{"chainKey":{"counter":1},"chainType":2,"messageKeys":{}},"Ba/khOTdpZVV7CeBoieiN9AxjCs8pdzl1IhEmtrV7N83":{"chainKey":{"counter":0},"chainType":2,"messageKeys":{}},"BRVs1TwYi5S7v60l5YyQk1JlSx+Isf2jMMz9IGmEL19M":{"chainKey":{"counter":0},"chainType":2,"messageKeys":{}},"BeQwblEBDeGniby4uCQ7e71iziBwxNCWSib/UtxNrycl":{"chainKey":{"counter":0},"chainType":2,"messageKeys":{}},"Be+k3KvwNtEtSwPgEQfofrA99T4pDkHbTe5ggzsE3tNS":{"chainKey":{"counter":0},"chainType":2,"messageKeys":{}},"Bf/RfVh10hOZIfusvEn24Sb9TpTfXsUhxN5QmDHw3U5y":{"chainKey":{"counter":0},"chainType":2,"messageKeys":{}},"BeN+HUVwYGh4grNoyxVyf6sAkqsNE/90rFhOBvQiBJdY":{"chainKey":{"counter":0},"chainType":2,"messageKeys":{}},"BfJoxFm0gphscA2mN4OeqEA6AWSLyyn/J9X+1RD3VT0Z":{"chainKey":{"counter":0},"chainType":2,"messageKeys":{}},"Balr3ADhph4zKvmOmT2x8KDXaDVdj4IcnojzwPbnWiV4":{"chainKey":{"counter":0},"chainType":2,"messageKeys":{}},"BQ2l+ce8poeJFQkk7B/zpGeQlGKn06agTzxpmoXrF291":{"chainKey":{"counter":0},"chainType":2,"messageKeys":{}},"BX3eNIVqFcgTfxbqVi5XLrece1NxDE9q/ss6u8nHlg47":{"chainKey":{"counter":0},"chainType":2,"messageKeys":{}},"BVcx5XmRKyTUI3zpERg0wCmh7FV+2Le9i5Ggb8+rOSo1":{"chainKey":{"counter":0},"chainType":2,"messageKeys":{}},"BdU99Uv5ZPB5c18QhwCXAOuipNRG6ZNXR2l21mrIgz45":{"chainKey":{"counter":0},"chainType":2,"messageKeys":{}},"BVF+wtfzHtTV0p5XGo6iW24tQYStOHnVgYNarT6bRc9A":{"chainKey":{"counter":0},"chainType":2,"messageKeys":{}},"BTXsmARj9baMIIWRHCKuXSlMlycJDcMQIfHbobuy4bgM":{"chainKey":{"counter":0},"chainType":2,"messageKeys":{}},"BS3w+nuxN/mYHIb8TZiXqVNBj3Od4BVBtFIvbVcYhIY8":{"chainKey":{"counter":1,"key":"Q5M2aOnft+b8Y6FO+ZkJ63z4dtNwOTQB82OnOVrlw7A="},"chainType":2,"messageKeys":{}},"BbTOtYk2v9506nNwUvydm4q4RUHheAinOYP6FE2KyRJd":{"chainKey":{"counter":0,"key":"SraXH8C6LSRotqnk0UnR/YyE8P1rzYueNI0J3s2aKns="},"chainType":1,"messageKeys":{}}}}},"version":"v1"}