{"_sessions":{"BayDxejWM8bW/l0VBW5/D7Qb2mE77GunRb924x5rU58k":{"registrationId":1189997965,"currentRatchet":{"ephemeralKeyPair":{"pubKey":"BaHDO58yQ3taWe6V3N0jkLTbnHG0obcOkG4PKfgWGiFI","privKey":"6Hrel7cxzrtezmsBJ2HvvzTBIbwbvDoQ1GZVVJ/lKF0="},"lastRemoteEphemeralKey":"BWrWdak6+g8NDXBz2TytXRAa1HnwHHjZmaIL7gyJ6PcB","previousCounter":0,"rootKey":"T9xh6rLhzthZ56yU0cDcX8qPKazEdzxui4xjCHFMzMQ="},"indexInfo":{"baseKey":"BayDxejWM8bW/l0VBW5/D7Qb2mE77GunRb924x5rU58k","baseKeyType":1,"closed":-1,"used":1761670868106,"created":1761670868106,"remoteIdentityKey":"BXOsSGOGiTxjnrbzY6oqypbqGuZNPjQGawSCV/s2EKt3"},"_chains":{"BaHDO58yQ3taWe6V3N0jkLTbnHG0obcOkG4PKfgWGiFI":{"chainKey":{"counter":39,"key":"iuKeuaOVzjr0mjJLsgJJq5H28ZndOk31dM7biimXvPw="},"chainType":1,"messageKeys":{}}},"pendingPreKey":{"signedKeyId":9827825,"baseKey":"BayDxejWM8bW/l0VBW5/D7Qb2mE77GunRb924x5rU58k"}}},"version":"v1"}