{"_sessions":{"BSEvw8R05QVmbJKW6Npz2juzBmonfqrxt5kWg7Y42dd0":{"registrationId":1600103934,"currentRatchet":{"ephemeralKeyPair":{"pubKey":"BSfZDSZaOZM3PAnVHQhsFBY42oUF/Rv5/l9GTNQERlZn","privKey":"gIOLgwDI22QmPSxI+TnDTO3fArG35noPpQyH/WZlCW8="},"lastRemoteEphemeralKey":"BU0zuhR1+wil8jYD/s20nAQhOFpJYoT8wL/wswilb5FN","previousCounter":0,"rootKey":"Xjrtls+d+lhxYlfJv1aO1FArsZxYqNn1Xw1yZ1pGPPs="},"indexInfo":{"baseKey":"BSEvw8R05QVmbJKW6Npz2juzBmonfqrxt5kWg7Y42dd0","baseKeyType":1,"closed":-1,"used":1761670868107,"created":1761670868107,"remoteIdentityKey":"BYYEQ/GpPgfJ1v7dudC4qjYY52I/sx5ipv+bZEOUKBtW"},"_chains":{"BSfZDSZaOZM3PAnVHQhsFBY42oUF/Rv5/l9GTNQERlZn":{"chainKey":{"counter":39,"key":"kIxTlNAO3uuCVBYiZEErr2x4pLaXhf5ZDTQpNc/23io="},"chainType":1,"messageKeys":{}}},"pendingPreKey":{"signedKeyId":1455642,"baseKey":"BSEvw8R05QVmbJKW6Npz2juzBmonfqrxt5kWg7Y42dd0"}}},"version":"v1"}