{"_sessions":{"Bci41dmaP2xSWOT9qt/ARNTzC/LnbWE9BBS1Buo6Y0RT":{"registrationId":1655538889,"currentRatchet":{"ephemeralKeyPair":{"pubKey":"BUJytWWLROngDaJIHqO1cM60UJRno51S/ShRRDzUqLZf","privKey":"qOJ/OAORrdejYB331bcPOJJuqiq0QC14X1t2Yyszg1o="},"lastRemoteEphemeralKey":"BcU/rNmcKNCc4JHZyKlgwK4+Pk+6a0/Vw5AM/uVox/44","previousCounter":5,"rootKey":"EKlxLni/cvuYBqaMc4jdgdex2vF0A8jlJ8kuPqaTsg0="},"indexInfo":{"baseKey":"Bci41dmaP2xSWOT9qt/ARNTzC/LnbWE9BBS1Buo6Y0RT","baseKeyType":2,"closed":-1,"used":1761674596891,"created":1761670866707,"remoteIdentityKey":"BcXYxHhqE/XCpqEE2CyINQ25JEEMHtB6cBVSVxwjBVIk"},"_chains":{"Bdv/odGg1BDIIGlTGzPNF5qKRCcpjmZL3xuN6i2H3OE1":{"chainKey":{"counter":1},"chainType":2,"messageKeys":{}},"BZ76NZ3yfpfS4opDKSK5PLYgmgOIB+l3CrHdUgkP3WoP":{"chainKey":{"counter":0},"chainType":2,"messageKeys":{}},"BeLgPnQ+yswCMIkuGS5M+F/7nB4n/5PZ8c5TXGMT5TdX":{"chainKey":{"counter":0},"chainType":2,"messageKeys":{}},"BT9JWhQbtix3bOgJ5JBlyslbUFcYQhPX3oeBUeb8D2My":{"chainKey":{"counter":0},"chainType":2,"messageKeys":{}},"BY0043SUH0uQsr2n5ITdgq/hsSQ3Wvj1TQGOFk16caJn":{"chainKey":{"counter":0},"chainType":2,"messageKeys":{}},"BTvFnwQvSSWyJ1/Pbc0dgAktOkkbRDN9gfl8m6s3lAAX":{"chainKey":{"counter":0},"chainType":2,"messageKeys":{}},"Bb5CRg4Ty5XPB4YSoPIoowLNcTBxvOWnoRWfuQavlDA1":{"chainKey":{"counter":0},"chainType":2,"messageKeys":{}},"BVgXMIUjfTswH35TCJ7PM0ESIu0jCLsSeipAm4+jdBp9":{"chainKey":{"counter":0},"chainType":2,"messageKeys":{}},"BbU0yB6XEprGIC0ODS9BZBSDCWHlW/1YFrPB0JfEHOYF":{"chainKey":{"counter":0},"chainType":2,"messageKeys":{}},"BTJYuakbZxv71u2kDaQ2UJkAW+I21PbYCctsOSx4c/oP":{"chainKey":{"counter":0},"chainType":2,"messageKeys":{}},"BW7QSyVcHalYVYWqXBYfmV+34vavAQGeQbzjWf8cjKdA":{"chainKey":{"counter":0},"chainType":2,"messageKeys":{}},"BfuJybQD6lwSEAh2xuWFIf8P+ggAHpjXihToplvPn4pQ":{"chainKey":{"counter":0},"chainType":2,"messageKeys":{}},"BQogbmjDBhyNZ4TYoeY1nFLBP+NzmH2/WduafCtKNdsU":{"chainKey":{"counter":0},"chainType":2,"messageKeys":{}},"BcU/rNmcKNCc4JHZyKlgwK4+Pk+6a0/Vw5AM/uVox/44":{"chainKey":{"counter":0,"key":"ONgksIUnR9rZDCJrCIOUf8SmlsSa5YBldvR7aw5Eca4="},"chainType":2,"messageKeys":{}},"BUJytWWLROngDaJIHqO1cM60UJRno51S/ShRRDzUqLZf":{"chainKey":{"counter":0,"key":"65p9PtVJTwChJto1N1oh8fHvu/W5Aow7tL64+OIUW4Q="},"chainType":1,"messageKeys":{}}}}},"version":"v1"}